Pos,MHC,Peptide,Core,Of,Gp,Gl,Ip,Il,Icore,Identity,Score_EL,%Rank_EL,Score_BA,%Rank_BA,Aff(nM)
1,HLA-B*08:100,ELRSRYWAI,ELRSRYWAI,0,0,0,0,0,ELRSRYWAI,multichain_5WMQ,0.865516,0.027,0.826615,0.008,6.53
2,HLA-B*08:100,LRSRYWAI,-LRSRYWAI,0,0,0,0,1,LRSRYWAI,multichain_5WMQ,0.087712,1.844,0.570060,0.151,104.78
1,HLA-B*08:100,ELRSRYWA,ELRSRYW-A,0,0,0,7,1,ELRSRYWA,multichain_5WMQ,0.066407,2.312,0.416923,0.675,549.37
1,HLA-B*08:100,MRDKANEA,-MRDKANEA,0,0,0,0,1,MRDKANEA,T_0_1_sample_1_,0.005473,11.101,0.153365,9.610,9512.89
1,HLA-B*08:100,MRDKANEAL,MRDKANEAL,0,0,0,0,0,MRDKANEAL,T_0_1_sample_1_,0.052594,2.742,0.146090,10.545,10291.94
2,HLA-B*08:100,RDKANEAL,RDKAN-EAL,0,0,0,5,1,RDKANEAL,T_0_1_sample_1_,0.007347,9.485,0.092440,22.845,18390.65
1,HLA-B*08:100,MKDKSNWAL,MKDKSNWAL,0,0,0,0,0,MKDKSNWAL,T_0_1_sample_2_,0.103541,1.571,0.235975,3.735,3891.62
1,HLA-B*08:100,MKDKSNWA,-MKDKSNWA,0,0,0,0,1,MKDKSNWA,T_0_1_sample_2_,0.001796,19.146,0.135302,12.166,11566.18
2,HLA-B*08:100,KDKSNWAL,KDKSN-WAL,0,0,0,5,1,KDKSNWAL,T_0_1_sample_2_,0.013665,6.641,0.128057,13.466,12509.33
1,HLA-B*08:100,MRDKAGWAL,MRDKAGWAL,0,0,0,0,0,MRDKAGWAL,T_0_1_sample_3_,0.113914,1.440,0.249898,3.236,3347.39
2,HLA-B*08:100,RDKAGWAL,RDKAG-WAL,0,0,0,5,1,RDKAGWAL,T_0_1_sample_3_,0.013029,6.843,0.147923,10.297,10089.84
1,HLA-B*08:100,MRDKAGWA,MRDKAGWA-,0,0,0,8,1,MRDKAGWA,T_0_1_sample_3_,0.000732,28.131,0.104931,18.785,16065.8
1,HLA-B*08:100,MKDTSNHAL,MKDTSNHAL,0,0,0,0,0,MKDTSNHAL,T_0_1_sample_4_,0.11486,1.429,0.195314,5.817,6042.2
2,HLA-B*08:100,KDTSNHAL,-KDTSNHAL,0,0,0,0,1,KDTSNHAL,T_0_1_sample_4_,0.003574,13.823,0.066418,35.680,24371.03
1,HLA-B*08:100,MKDTSNHA,-MKDTSNHA,0,0,0,0,1,MKDTSNHA,T_0_1_sample_4_,0.000583,30.891,0.061975,38.750,25571.21
1,HLA-B*08:100,MRDKSGWAL,MRDKSGWAL,0,0,0,0,0,MRDKSGWAL,T_0_1_sample_5_,0.145497,1.136,0.267521,2.707,2766.28
2,HLA-B*08:100,RDKSGWAL,RDKSG-WAL,0,0,0,5,1,RDKSGWAL,T_0_1_sample_5_,0.016931,5.865,0.149895,10.030,9876.84
1,HLA-B*08:100,MRDKSGWA,MRDKSGWA-,0,0,0,8,1,MRDKSGWA,T_0_1_sample_5_,0.000957,25.258,0.113137,16.627,14700.86
1,HLA-B*08:100,MKDKSGWAL,MKDKSGWAL,0,0,0,0,0,MKDKSGWAL,T_0_1_sample_6_,0.099027,1.643,0.232869,3.858,4024.62
2,HLA-B*08:100,KDKSGWAL,KDKSG-WAL,0,0,0,5,1,KDKSGWAL,T_0_1_sample_6_,0.010384,7.819,0.106337,18.393,15823.25
1,HLA-B*08:100,MKDKSGWA,M-KDKSGWA,0,0,0,1,1,MKDKSGWA,T_0_1_sample_6_,0.000645,29.618,0.101962,19.650,16590.28
1,HLA-B*08:100,LPDKANWAL,LPDKANWAL,0,0,0,0,0,LPDKANWAL,T_0_1_sample_7_,0.260548,0.602,0.258946,2.947,3035.22
1,HLA-B*08:100,LPDKANWA,LPD-KANWA,0,0,0,3,1,LPDKANWA,T_0_1_sample_7_,0.002445,16.604,0.086223,25.253,19670.29
2,HLA-B*08:100,PDKANWAL,-PDKANWAL,0,0,0,0,1,PDKANWAL,T_0_1_sample_7_,0.008563,8.722,0.084180,26.120,20109.94
1,HLA-B*08:100,MKDKSGWAL,MKDKSGWAL,0,0,0,0,0,MKDKSGWAL,T_0_1_sample_8_,0.099027,1.643,0.232869,3.858,4024.62
2,HLA-B*08:100,KDKSGWAL,KDKSG-WAL,0,0,0,5,1,KDKSGWAL,T_0_1_sample_8_,0.010384,7.819,0.106337,18.393,15823.25
1,HLA-B*08:100,MKDKSGWA,M-KDKSGWA,0,0,0,1,1,MKDKSGWA,T_0_1_sample_8_,0.000645,29.618,0.101962,19.650,16590.28
1,HLA-B*08:100,MKDKANWAL,MKDKANWAL,0,0,0,0,0,MKDKANWAL,T_0_1_sample_9_,0.077258,2.043,0.217056,4.591,4775.62
2,HLA-B*08:100,KDKANWAL,KDKAN-WAL,0,0,0,5,1,KDKANWAL,T_0_1_sample_9_,0.01074,7.669,0.126001,13.854,12790.72
1,HLA-B*08:100,MKDKANWA,-MKDKANWA,0,0,0,0,1,MKDKANWA,T_0_1_sample_9_,0.001384,21.476,0.121282,14.808,13460.76
1,HLA-B*08:100,MRDKAGWAL,MRDKAGWAL,0,0,0,0,0,MRDKAGWAL,T_0_1_sample_10,0.113914,1.440,0.249898,3.236,3347.39
2,HLA-B*08:100,RDKAGWAL,RDKAG-WAL,0,0,0,5,1,RDKAGWAL,T_0_1_sample_10,0.013029,6.843,0.147923,10.297,10089.84
1,HLA-B*08:100,MRDKAGWA,MRDKAGWA-,0,0,0,8,1,MRDKAGWA,T_0_1_sample_10,0.000732,28.131,0.104931,18.785,16065.8
1,HLA-B*08:100,MKDTSGWAL,MKDTSGWAL,0,0,0,0,0,MKDTSGWAL,T_0_1_sample_11,0.06402,2.371,0.198393,5.618,5844.23
2,HLA-B*08:100,KDTSGWAL,-KDTSGWAL,0,0,0,0,1,KDTSGWAL,T_0_1_sample_11,0.002161,17.577,0.061805,38.875,25618.29
1,HLA-B*08:100,MKDTSGWA,MKDTSGW-A,0,0,0,7,1,MKDTSGWA,T_0_1_sample_11,0.000247,42.588,0.055290,43.945,27489.32
1,HLA-B*08:100,MKDKANHAL,MKDKANHAL,0,0,0,0,0,MKDKANHAL,T_0_1_sample_12,0.138025,1.194,0.211968,4.858,5045.9
1,HLA-B*08:100,MKDKANHA,-MKDKANHA,0,0,0,0,1,MKDKANHA,T_0_1_sample_12,0.004314,12.603,0.123653,14.322,13119.83
2,HLA-B*08:100,KDKANHAL,KDKAN-HAL,0,0,0,5,1,KDKANHAL,T_0_1_sample_12,0.022899,4.822,0.122622,14.533,13267.0
1,HLA-B*08:100,MKDTSNHAL,MKDTSNHAL,0,0,0,0,0,MKDTSNHAL,T_0_1_sample_13,0.11486,1.429,0.195314,5.817,6042.2
2,HLA-B*08:100,KDTSNHAL,-KDTSNHAL,0,0,0,0,1,KDTSNHAL,T_0_1_sample_13,0.003574,13.823,0.066418,35.680,24371.03
1,HLA-B*08:100,MKDTSNHA,-MKDTSNHA,0,0,0,0,1,MKDTSNHA,T_0_1_sample_13,0.000583,30.891,0.061975,38.750,25571.21
2,HLA-B*08:100,RLKANWAL,RLKAN-WAL,0,0,0,5,1,RLKANWAL,T_0_1_sample_14,0.190852,0.846,0.495755,0.329,234.12
1,HLA-B*08:100,MRLKANWAL,MRLKANWAL,0,0,0,0,0,MRLKANWAL,T_0_1_sample_14,0.101677,1.595,0.408226,0.728,603.57
1,HLA-B*08:100,MRLKANWA,-MRLKANWA,0,0,0,0,1,MRLKANWA,T_0_1_sample_14,0.001419,21.234,0.217965,4.543,4728.89
1,HLA-B*08:100,MKDKSGWAL,MKDKSGWAL,0,0,0,0,0,MKDKSGWAL,T_0_1_sample_15,0.099027,1.643,0.232869,3.858,4024.62
2,HLA-B*08:100,KDKSGWAL,KDKSG-WAL,0,0,0,5,1,KDKSGWAL,T_0_1_sample_15,0.010384,7.819,0.106337,18.393,15823.25
1,HLA-B*08:100,MKDKSGWA,M-KDKSGWA,0,0,0,1,1,MKDKSGWA,T_0_1_sample_15,0.000645,29.618,0.101962,19.650,16590.28
1,HLA-B*08:100,MPDKSGWAL,MPDKSGWAL,0,0,0,0,0,MPDKSGWAL,T_0_1_sample_16,0.482537,0.239,0.378535,0.955,832.23
1,HLA-B*08:100,MPDKSGWA,MPDKSGW-A,0,0,0,7,1,MPDKSGWA,T_0_1_sample_16,0.003349,14.272,0.120846,14.897,13524.4
2,HLA-B*08:100,PDKSGWAL,-PDKSGWAL,0,0,0,0,1,PDKSGWAL,T_0_1_sample_16,0.01886,5.485,0.093018,22.627,18276.0
1,HLA-B*08:100,MKDKSNWAL,MKDKSNWAL,0,0,0,0,0,MKDKSNWAL,T_0_1_sample_17,0.103541,1.571,0.235975,3.735,3891.62
1,HLA-B*08:100,MKDKSNWA,-MKDKSNWA,0,0,0,0,1,MKDKSNWA,T_0_1_sample_17,0.001796,19.146,0.135302,12.166,11566.18
2,HLA-B*08:100,KDKSNWAL,KDKSN-WAL,0,0,0,5,1,KDKSNWAL,T_0_1_sample_17,0.013665,6.641,0.128057,13.466,12509.33
1,HLA-B*08:100,MKLKAGWAL,MKLKAGWAL,0,0,0,0,0,MKLKAGWAL,T_0_1_sample_18,0.06934,2.239,0.373973,0.994,874.34
2,HLA-B*08:100,KLKAGWAL,KLKAG-WAL,0,0,0,5,1,KLKAGWAL,T_0_1_sample_18,0.126158,1.317,0.351133,1.202,1119.45
1,HLA-B*08:100,MKLKAGWA,-MKLKAGWA,0,0,0,0,1,MKLKAGWA,T_0_1_sample_18,0.00051,32.625,0.155066,9.408,9339.41
1,HLA-B*08:100,MKDKSNEA,-MKDKSNEA,0,0,0,0,1,MKDKSNEA,T_0_1_sample_19,0.008878,8.547,0.150273,9.981,9836.53
1,HLA-B*08:100,MKDKSNEAL,MKDKSNEAL,0,0,0,0,0,MKDKSNEAL,T_0_1_sample_19,0.047617,2.936,0.134055,12.383,11723.29
2,HLA-B*08:100,KDKSNEAL,KDKSN-EAL,0,0,0,5,1,KDKSNEAL,T_0_1_sample_19,0.005664,10.902,0.062927,38.051,25309.17
1,HLA-B*08:100,MKDKSGWAL,MKDKSGWAL,0,0,0,0,0,MKDKSGWAL,T_0_1_sample_20,0.099027,1.643,0.232869,3.858,4024.62
2,HLA-B*08:100,KDKSGWAL,KDKSG-WAL,0,0,0,5,1,KDKSGWAL,T_0_1_sample_20,0.010384,7.819,0.106337,18.393,15823.25
1,HLA-B*08:100,MKDKSGWA,M-KDKSGWA,0,0,0,1,1,MKDKSGWA,T_0_1_sample_20,0.000645,29.618,0.101962,19.650,16590.28
1,HLA-B*08:100,MKDTANEAL,MKDTANEAL,0,0,0,0,0,MKDTANEAL,T_0_1_sample_21,0.027531,4.268,0.111079,17.120,15031.88
1,HLA-B*08:100,MKDTANEA,-MKDTANEA,0,0,0,0,1,MKDTANEA,T_0_1_sample_21,0.000408,35.567,0.054425,44.700,27747.8
2,HLA-B*08:100,KDTANEAL,-KDTANEAL,0,0,0,0,1,KDTANEAL,T_0_1_sample_21,0.001011,24.670,0.035683,65.482,33985.74
1,HLA-B*08:100,MRDKSGHAL,MRDKSGHAL,0,0,0,0,0,MRDKSGHAL,T_0_1_sample_22,0.221742,0.709,0.251846,3.172,3277.58
2,HLA-B*08:100,RDKSGHAL,RDKSG-HAL,0,0,0,5,1,RDKSGHAL,T_0_1_sample_22,0.029237,4.087,0.146394,10.504,10258.15
1,HLA-B*08:100,MRDKSGHA,MRDKSGHA-,0,0,0,8,1,MRDKSGHA,T_0_1_sample_22,0.001339,21.786,0.120065,15.061,13639.18
1,HLA-B*08:100,MKDVSNWAL,MKDVSNWAL,0,0,0,0,0,MKDVSNWAL,T_0_1_sample_23,0.074491,2.111,0.223940,4.254,4432.85
2,HLA-B*08:100,KDVSNWAL,KDVSN-WAL,0,0,0,5,1,KDVSNWAL,T_0_1_sample_23,0.002422,16.676,0.078492,28.832,21386.44
1,HLA-B*08:100,MKDVSNWA,MKDVSNW-A,0,0,0,7,1,MKDVSNWA,T_0_1_sample_23,0.000283,40.600,0.069008,34.058,23697.55
1,HLA-B*08:100,MRDKSGHAL,MRDKSGHAL,0,0,0,0,0,MRDKSGHAL,T_0_1_sample_24,0.221742,0.709,0.251846,3.172,3277.58
2,HLA-B*08:100,RDKSGHAL,RDKSG-HAL,0,0,0,5,1,RDKSGHAL,T_0_1_sample_24,0.029237,4.087,0.146394,10.504,10258.15
1,HLA-B*08:100,MRDKSGHA,MRDKSGHA-,0,0,0,8,1,MRDKSGHA,T_0_1_sample_24,0.001339,21.786,0.120065,15.061,13639.18
1,HLA-B*08:100,MKDKAGHAL,MKDKAGHAL,0,0,0,0,0,MKDKAGHAL,T_0_1_sample_25,0.132728,1.249,0.207543,5.094,5293.36
2,HLA-B*08:100,KDKAGHAL,KDKAG-HAL,0,0,0,5,1,KDKAGHAL,T_0_1_sample_25,0.016902,5.871,0.105116,18.733,16033.67
1,HLA-B*08:100,MKDKAGHA,-MKDKAGHA,0,0,0,0,1,MKDKAGHA,T_0_1_sample_25,0.000935,25.506,0.098922,20.595,17145.04
1,HLA-B*08:100,MRDKANWAL,MRDKANWAL,0,0,0,0,0,MRDKANWAL,T_0_1_sample_26,0.11851,1.387,0.259735,2.925,3009.42
2,HLA-B*08:100,RDKANWAL,RDKAN-WAL,0,0,0,5,1,RDKANWAL,T_0_1_sample_26,0.016126,6.029,0.176601,7.243,7398.22
1,HLA-B*08:100,MRDKANWA,-MRDKANWA,0,0,0,0,1,MRDKANWA,T_0_1_sample_26,0.001424,21.200,0.131981,12.746,11989.34
1,HLA-B*08:100,MKDKSGHAL,MKDKSGHAL,0,0,0,0,0,MKDKSGHAL,T_0_1_sample_27,0.166441,0.979,0.219497,4.466,4651.15
1,HLA-B*08:100,MKDKSGHA,-MKDKSGHA,0,0,0,0,1,MKDKSGHA,T_0_1_sample_27,0.001216,22.708,0.108270,17.861,15495.75
2,HLA-B*08:100,KDKSGHAL,KDKSG-HAL,0,0,0,5,1,KDKSGHAL,T_0_1_sample_27,0.021001,5.099,0.106296,18.404,15830.27
1,HLA-B*08:100,MRDKSGWAL,MRDKSGWAL,0,0,0,0,0,MRDKSGWAL,T_0_1_sample_28,0.145497,1.136,0.267521,2.707,2766.28
2,HLA-B*08:100,RDKSGWAL,RDKSG-WAL,0,0,0,5,1,RDKSGWAL,T_0_1_sample_28,0.016931,5.865,0.149895,10.030,9876.84
1,HLA-B*08:100,MRDKSGWA,MRDKSGWA-,0,0,0,8,1,MRDKSGWA,T_0_1_sample_28,0.000957,25.258,0.113137,16.627,14700.86
1,HLA-B*08:100,MRDKSGWAL,MRDKSGWAL,0,0,0,0,0,MRDKSGWAL,T_0_1_sample_29,0.145497,1.136,0.267521,2.707,2766.28
2,HLA-B*08:100,RDKSGWAL,RDKSG-WAL,0,0,0,5,1,RDKSGWAL,T_0_1_sample_29,0.016931,5.865,0.149895,10.030,9876.84
1,HLA-B*08:100,MRDKSGWA,MRDKSGWA-,0,0,0,8,1,MRDKSGWA,T_0_1_sample_29,0.000957,25.258,0.113137,16.627,14700.86
1,HLA-B*08:100,MKDKANHAL,MKDKANHAL,0,0,0,0,0,MKDKANHAL,T_0_1_sample_30,0.138025,1.194,0.211968,4.858,5045.9
1,HLA-B*08:100,MKDKANHA,-MKDKANHA,0,0,0,0,1,MKDKANHA,T_0_1_sample_30,0.004314,12.603,0.123653,14.322,13119.83
2,HLA-B*08:100,KDKANHAL,KDKAN-HAL,0,0,0,5,1,KDKANHAL,T_0_1_sample_30,0.022899,4.822,0.122622,14.533,13267.0
1,HLA-B*08:100,MKDKANEA,-MKDKANEA,0,0,0,0,1,MKDKANEA,T_0_1_sample_31,0.006556,10.087,0.133750,12.437,11762.04
1,HLA-B*08:100,MKDKANEAL,MKDKANEAL,0,0,0,0,0,MKDKANEAL,T_0_1_sample_31,0.038473,3.421,0.126774,13.708,12684.19
2,HLA-B*08:100,KDKANEAL,KDKAN-EAL,0,0,0,5,1,KDKANEAL,T_0_1_sample_31,0.004247,12.702,0.061920,38.791,25586.44
1,HLA-B*08:100,MMDKSGWAL,MMDKSGWAL,0,0,0,0,0,MMDKSGWAL,T_0_1_sample_32,0.307735,0.488,0.430207,0.606,475.82
2,HLA-B*08:100,MDKSGWAL,MDKSG-WAL,0,0,0,5,1,MDKSGWAL,T_0_1_sample_32,0.038672,3.410,0.235351,3.760,3917.99
1,HLA-B*08:100,MMDKSGWA,MMDKSGWA-,0,0,0,8,1,MMDKSGWA,T_0_1_sample_32,0.001075,23.990,0.136724,11.927,11389.59
1,HLA-B*08:100,MRDKAGWAL,MRDKAGWAL,0,0,0,0,0,MRDKAGWAL,T_0_1_sample_33,0.113914,1.440,0.249898,3.236,3347.39
2,HLA-B*08:100,RDKAGWAL,RDKAG-WAL,0,0,0,5,1,RDKAGWAL,T_0_1_sample_33,0.013029,6.843,0.147923,10.297,10089.84
1,HLA-B*08:100,MRDKAGWA,MRDKAGWA-,0,0,0,8,1,MRDKAGWA,T_0_1_sample_33,0.000732,28.131,0.104931,18.785,16065.8
1,HLA-B*08:100,MKDTANHAL,MKDTANHAL,0,0,0,0,0,MKDTANHAL,T_0_1_sample_34,0.087542,1.847,0.183778,6.642,6845.46
2,HLA-B*08:100,KDTANHAL,-KDTANHAL,0,0,0,0,1,KDTANHAL,T_0_1_sample_34,0.003125,14.763,0.066072,35.911,24462.44
1,HLA-B*08:100,MKDTANHA,MKDTANHA-,0,0,0,8,1,MKDTANHA,T_0_1_sample_34,0.000468,33.730,0.056583,42.899,27107.42
1,HLA-B*08:100,MKDKANWAL,MKDKANWAL,0,0,0,0,0,MKDKANWAL,T_0_1_sample_35,0.077258,2.043,0.217056,4.591,4775.62
2,HLA-B*08:100,KDKANWAL,KDKAN-WAL,0,0,0,5,1,KDKANWAL,T_0_1_sample_35,0.01074,7.669,0.126001,13.854,12790.72
1,HLA-B*08:100,MKDKANWA,-MKDKANWA,0,0,0,0,1,MKDKANWA,T_0_1_sample_35,0.001384,21.476,0.121282,14.808,13460.76
1,HLA-B*08:100,MKDKAGEAL,MKDKAGEAL,0,0,0,0,0,MKDKAGEAL,T_0_1_sample_36,0.036474,3.542,0.124464,14.156,13005.21
1,HLA-B*08:100,MKDKAGEA,M-KDKAGEA,0,0,0,1,1,MKDKAGEA,T_0_1_sample_36,0.001225,22.638,0.101697,19.728,16637.92
2,HLA-B*08:100,KDKAGEAL,KDKAG-EAL,0,0,0,5,1,KDKAGEAL,T_0_1_sample_36,0.00297,15.124,0.056617,42.871,27097.44
1,HLA-B*08:100,MKDKANWAL,MKDKANWAL,0,0,0,0,0,MKDKANWAL,T_0_1_sample_37,0.077258,2.043,0.217056,4.591,4775.62
2,HLA-B*08:100,KDKANWAL,KDKAN-WAL,0,0,0,5,1,KDKANWAL,T_0_1_sample_37,0.01074,7.669,0.126001,13.854,12790.72
1,HLA-B*08:100,MKDKANWA,-MKDKANWA,0,0,0,0,1,MKDKANWA,T_0_1_sample_37,0.001384,21.476,0.121282,14.808,13460.76
1,HLA-B*08:100,MKDKSGWAL,MKDKSGWAL,0,0,0,0,0,MKDKSGWAL,T_0_1_sample_38,0.099027,1.643,0.232869,3.858,4024.62
2,HLA-B*08:100,KDKSGWAL,KDKSG-WAL,0,0,0,5,1,KDKSGWAL,T_0_1_sample_38,0.010384,7.819,0.106337,18.393,15823.25
1,HLA-B*08:100,MKDKSGWA,M-KDKSGWA,0,0,0,1,1,MKDKSGWA,T_0_1_sample_38,0.000645,29.618,0.101962,19.650,16590.28
1,HLA-B*08:100,MRDKANHAL,MRDKANHAL,0,0,0,0,0,MRDKANHAL,T_0_1_sample_39,0.195928,0.817,0.248189,3.293,3409.87
2,HLA-B*08:100,RDKANHAL,RDKAN-HAL,0,0,0,5,1,RDKANHAL,T_0_1_sample_39,0.033525,3.753,0.173258,7.548,7670.71
1,HLA-B*08:100,MRDKANHA,-MRDKANHA,0,0,0,0,1,MRDKANHA,T_0_1_sample_39,0.002994,15.061,0.139284,11.531,11078.44
1,HLA-B*08:100,MKDTSNWAL,MKDTSNWAL,0,0,0,0,0,MKDTSNWAL,T_0_1_sample_40,0.072708,2.156,0.205459,5.210,5414.08
2,HLA-B*08:100,KDTSNWAL,-KDTSNWAL,0,0,0,0,1,KDTSNWAL,T_0_1_sample_40,0.002427,16.660,0.070319,33.257,23363.78
1,HLA-B*08:100,MKDTSNWA,MKDTSNW-A,0,0,0,7,1,MKDTSNWA,T_0_1_sample_40,0.00029,40.250,0.061210,39.308,25783.75
1,HLA-B*08:100,MKDTSGWAL,MKDTSGWAL,0,0,0,0,0,MKDTSGWAL,T_0_1_sample_41,0.06402,2.371,0.198393,5.618,5844.23
2,HLA-B*08:100,KDTSGWAL,-KDTSGWAL,0,0,0,0,1,KDTSGWAL,T_0_1_sample_41,0.002161,17.577,0.061805,38.875,25618.29
1,HLA-B*08:100,MKDTSGWA,MKDTSGW-A,0,0,0,7,1,MKDTSGWA,T_0_1_sample_41,0.000247,42.588,0.055290,43.945,27489.32
1,HLA-B*08:100,MRDKANEA,-MRDKANEA,0,0,0,0,1,MRDKANEA,T_0_1_sample_42,0.005473,11.101,0.153365,9.610,9512.89
1,HLA-B*08:100,MRDKANEAL,MRDKANEAL,0,0,0,0,0,MRDKANEAL,T_0_1_sample_42,0.052594,2.742,0.146090,10.545,10291.94
2,HLA-B*08:100,RDKANEAL,RDKAN-EAL,0,0,0,5,1,RDKANEAL,T_0_1_sample_42,0.007347,9.485,0.092440,22.845,18390.65
1,HLA-B*08:100,LPDKAGHAL,LPDKAGHAL,0,0,0,0,0,LPDKAGHAL,T_0_1_sample_43,0.474,0.247,0.274204,2.519,2573.32
2,HLA-B*08:100,PDKAGHAL,-PDKAGHAL,0,0,0,0,1,PDKAGHAL,T_0_1_sample_43,0.038525,3.418,0.091607,23.156,18557.16
1,HLA-B*08:100,LPDKAGHA,LPDKAGH-A,0,0,0,7,1,LPDKAGHA,T_0_1_sample_43,0.003382,14.200,0.079831,28.184,21078.83
1,HLA-B*08:100,LPDKSGWAL,LPDKSGWAL,0,0,0,0,0,LPDKSGWAL,T_0_1_sample_44,0.362507,0.392,0.283412,2.332,2329.3
2,HLA-B*08:100,PDKSGWAL,-PDKSGWAL,0,0,0,0,1,PDKSGWAL,T_0_1_sample_44,0.01886,5.485,0.093018,22.627,18276.0
1,HLA-B*08:100,LPDKSGWA,LPDKSGW-A,0,0,0,7,1,LPDKSGWA,T_0_1_sample_44,0.001614,20.075,0.081257,27.485,20756.11
1,HLA-B*08:100,MRDKSGWAL,MRDKSGWAL,0,0,0,0,0,MRDKSGWAL,T_0_1_sample_45,0.145497,1.136,0.267521,2.707,2766.28
2,HLA-B*08:100,RDKSGWAL,RDKSG-WAL,0,0,0,5,1,RDKSGWAL,T_0_1_sample_45,0.016931,5.865,0.149895,10.030,9876.84
1,HLA-B*08:100,MRDKSGWA,MRDKSGWA-,0,0,0,8,1,MRDKSGWA,T_0_1_sample_45,0.000957,25.258,0.113137,16.627,14700.86
1,HLA-B*08:100,MKDKAGHAL,MKDKAGHAL,0,0,0,0,0,MKDKAGHAL,T_0_1_sample_46,0.132728,1.249,0.207543,5.094,5293.36
2,HLA-B*08:100,KDKAGHAL,KDKAG-HAL,0,0,0,5,1,KDKAGHAL,T_0_1_sample_46,0.016902,5.871,0.105116,18.733,16033.67
1,HLA-B*08:100,MKDKAGHA,-MKDKAGHA,0,0,0,0,1,MKDKAGHA,T_0_1_sample_46,0.000935,25.506,0.098922,20.595,17145.04
1,HLA-B*08:100,MPDKSNWAL,MPDKSNWAL,0,0,0,0,0,MPDKSNWAL,T_0_1_sample_47,0.461859,0.260,0.380999,0.933,810.34
1,HLA-B*08:100,MPDKSNWA,MPD-KSNWA,0,0,0,3,1,MPDKSNWA,T_0_1_sample_47,0.006768,9.913,0.141240,11.229,10846.45
2,HLA-B*08:100,PDKSNWAL,-PDKSNWAL,0,0,0,0,1,PDKSNWAL,T_0_1_sample_47,0.015648,6.141,0.094399,22.108,18004.96
1,HLA-B*08:100,MRDKSGWAL,MRDKSGWAL,0,0,0,0,0,MRDKSGWAL,T_0_1_sample_48,0.145497,1.136,0.267521,2.707,2766.28
2,HLA-B*08:100,RDKSGWAL,RDKSG-WAL,0,0,0,5,1,RDKSGWAL,T_0_1_sample_48,0.016931,5.865,0.149895,10.030,9876.84
1,HLA-B*08:100,MRDKSGWA,MRDKSGWA-,0,0,0,8,1,MRDKSGWA,T_0_1_sample_48,0.000957,25.258,0.113137,16.627,14700.86
1,HLA-B*08:100,MKDKSGHAL,MKDKSGHAL,0,0,0,0,0,MKDKSGHAL,T_0_1_sample_49,0.166441,0.979,0.219497,4.466,4651.15
1,HLA-B*08:100,MKDKSGHA,-MKDKSGHA,0,0,0,0,1,MKDKSGHA,T_0_1_sample_49,0.001216,22.708,0.108270,17.861,15495.75
2,HLA-B*08:100,KDKSGHAL,KDKSG-HAL,0,0,0,5,1,KDKSGHAL,T_0_1_sample_49,0.021001,5.099,0.106296,18.404,15830.27
1,HLA-B*08:100,MKDKSNWAL,MKDKSNWAL,0,0,0,0,0,MKDKSNWAL,T_0_1_sample_50,0.103541,1.571,0.235975,3.735,3891.62
1,HLA-B*08:100,MKDKSNWA,-MKDKSNWA,0,0,0,0,1,MKDKSNWA,T_0_1_sample_50,0.001796,19.146,0.135302,12.166,11566.18
2,HLA-B*08:100,KDKSNWAL,KDKSN-WAL,0,0,0,5,1,KDKSNWAL,T_0_1_sample_50,0.013665,6.641,0.128057,13.466,12509.33
