Pos,MHC,Peptide,Of,Core,Core_Rel,Inverted,Identity,Score_EL,%Rank_EL,Exp_Bind,Score_BA,%Rank_BA,Affinity(nM)
2,H-2-IAd,VSYYGPKTSPVQ,2,YYGPKTSPV,0.970,0,multichain_6MNN,0.023332,38.29,NA,0.173730,63.79,7631.64
1,H-2-IAd,RVSYYGPKTSPVQ,3,YYGPKTSPV,0.890,0,multichain_6MNN,0.054625,24.59,NA,0.157205,68.72,9125.75
1,H-2-IAd,RVSYYGPKTSP,1,VSYYGPKTS,0.970,0,multichain_6MNN,0.000547,88.34,NA,0.114433,81.11,14496.15
3,H-2-IAd,SYYGPKTSPVQ,1,YYGPKTSPV,0.960,0,multichain_6MNN,0.004025,66.73,NA,0.103075,84.21,16391.68
1,H-2-IAd,RVSYYGPKTS,1,VSYYGPKTS,0.960,0,multichain_6MNN,2.8e-05,99.12,NA,0.088453,87.94,19201.36
3,H-2-IAd,SYYGPKTSPV,1,YYGPKTSPV,1.000,0,multichain_6MNN,0.000672,86.71,NA,0.073041,91.50,22685.71
4,H-2-IAd,YYGPKTSPV,0,YYGPKTSPV,1.000,0,multichain_6MNN,2e-06,99.94,NA,0.051827,95.40,28538.85
2,H-2-IAd,VSYYGPKTS,0,VSYYGPKTS,1.000,0,multichain_6MNN,0.0,100.00,NA,0.050841,95.49,28844.95
1,H-2-IAd,RVSYYGPKT,0,RVSYYGPKT,1.000,0,multichain_6MNN,0.0,100.00,NA,0.024285,97.84,38446.38
5,H-2-IAd,YGPKTSPVQ,0,YGPKTSPVQ,1.000,0,multichain_6MNN,0.0,100.00,NA,0.020891,98.15,39884.46
3,H-2-IAd,SYYGPKTSP,0,SYYGPKTSP,1.000,0,multichain_6MNN,0.0,100.00,NA,0.003815,99.66,47978.14
1,H-2-IAd,KEEYVAPTPVPL,1,EEYVAPTPV,0.850,0,T_0_1_sample_1_,0.235215,7.18,NA,0.280102,34.53,2414.23
2,H-2-IAd,EEYVAPTPVPLP,2,YVAPTPVPL,0.720,0,T_0_1_sample_1_,0.04488,27.61,NA,0.279320,34.71,2434.75
1,H-2-IAd,KEEYVAPTPVPLP,1,EEYVAPTPV,0.760,0,T_0_1_sample_1_,0.36402,3.96,NA,0.251455,41.72,3291.47
2,H-2-IAd,EEYVAPTPVPL,2,YVAPTPVPL,0.700,0,T_0_1_sample_1_,0.006243,60.19,NA,0.222387,49.57,4507.96
3,H-2-IAd,EYVAPTPVPL,1,YVAPTPVPL,0.990,0,T_0_1_sample_1_,0.000649,87.01,NA,0.179884,62.01,7140.04
1,H-2-IAd,KEEYVAPTPVP,1,EEYVAPTPV,1.000,0,T_0_1_sample_1_,0.183034,9.48,NA,0.153125,69.95,9537.63
4,H-2-IAd,YVAPTPVPL,0,YVAPTPVPL,1.000,0,T_0_1_sample_1_,5e-06,99.84,NA,0.132361,76.01,11940.15
1,H-2-IAd,KEEYVAPTPV,1,EEYVAPTPV,1.000,0,T_0_1_sample_1_,0.024944,37.16,NA,0.116457,80.56,14182.15
2,H-2-IAd,EEYVAPTPV,0,EEYVAPTPV,1.000,0,T_0_1_sample_1_,1.8e-05,99.44,NA,0.057099,94.84,26956.51
5,H-2-IAd,VAPTPVPLP,0,VAPTPVPLP,1.000,0,T_0_1_sample_1_,0.0,100.00,NA,0.037596,96.66,33289.52
1,H-2-IAd,KEEYVAPTP,0,KEEYVAPTP,1.000,0,T_0_1_sample_1_,0.0,100.00,NA,0.023550,97.91,38753.36
3,H-2-IAd,EYVAPTPVP,0,EYVAPTPVP,1.000,0,T_0_1_sample_1_,0.0,100.00,NA,0.014497,98.71,42741.44
2,H-2-IAd,VEYRAPQPRPLP,2,YRAPQPRPL,0.990,0,T_0_1_sample_2_,0.036943,30.70,NA,0.147539,71.59,10131.85
1,H-2-IAd,KVEYRAPQPRPLP,3,YRAPQPRPL,0.990,0,T_0_1_sample_2_,0.087858,17.87,NA,0.127948,77.28,12524.09
3,H-2-IAd,EYRAPQPRPLP,1,YRAPQPRPL,1.000,0,T_0_1_sample_2_,0.00713,58.21,NA,0.109723,82.40,15254.05
3,H-2-IAd,EYRAPQPRPL,1,YRAPQPRPL,1.000,0,T_0_1_sample_2_,0.000906,84.08,NA,0.086978,88.31,19510.25
1,H-2-IAd,KVEYRAPQPRP,1,VEYRAPQPR,0.800,0,T_0_1_sample_2_,0.000543,88.39,NA,0.062652,93.68,25384.59
4,H-2-IAd,YRAPQPRPL,0,YRAPQPRPL,1.000,0,T_0_1_sample_2_,5e-06,99.84,NA,0.056795,94.90,27045.31
1,H-2-IAd,KVEYRAPQPR,1,VEYRAPQPR,0.840,0,T_0_1_sample_2_,2.5e-05,99.22,NA,0.055566,95.07,27407.35
2,H-2-IAd,VEYRAPQPR,0,VEYRAPQPR,1.000,0,T_0_1_sample_2_,0.0,100.00,NA,0.030424,97.30,35975.64
1,H-2-IAd,KVEYRAPQP,0,KVEYRAPQP,1.000,0,T_0_1_sample_2_,0.0,100.00,NA,0.018275,98.38,41029.5
5,H-2-IAd,RAPQPRPLP,0,RAPQPRPLP,1.000,0,T_0_1_sample_2_,0.0,100.00,NA,0.005617,99.50,47051.75
3,H-2-IAd,EYRAPQPRP,0,EYRAPQPRP,1.000,0,T_0_1_sample_2_,0.0,100.00,NA,0.004078,99.64,47841.82
2,H-2-IAd,VEYRAPQVVPLP,2,YRAPQVVPL,1.000,0,T_0_1_sample_3_,0.065994,21.89,NA,0.308542,28.32,1774.76
1,H-2-IAd,KVEYRAPQVVPLP,3,YRAPQVVPL,0.990,0,T_0_1_sample_3_,0.168117,10.34,NA,0.273746,36.10,2586.1
3,H-2-IAd,EYRAPQVVPLP,1,YRAPQVVPL,0.990,0,T_0_1_sample_3_,0.013573,47.43,NA,0.254116,41.03,3198.06
3,H-2-IAd,EYRAPQVVPL,1,YRAPQVVPL,1.000,0,T_0_1_sample_3_,0.000791,85.17,NA,0.196792,57.07,5946.35
4,H-2-IAd,YRAPQVVPL,0,YRAPQVVPL,1.000,0,T_0_1_sample_3_,2e-05,99.38,NA,0.134868,75.28,11620.62
1,H-2-IAd,KVEYRAPQVVP,1,VEYRAPQVV,0.780,0,T_0_1_sample_3_,0.000777,85.35,NA,0.124190,78.36,13043.83
1,H-2-IAd,KVEYRAPQVV,1,VEYRAPQVV,0.770,0,T_0_1_sample_3_,2.8e-05,99.12,NA,0.098984,85.30,17133.54
1,H-2-IAd,KVEYRAPQV,0,KVEYRAPQV,1.000,0,T_0_1_sample_3_,0.0,100.00,NA,0.048500,95.69,29584.89
2,H-2-IAd,VEYRAPQVV,0,VEYRAPQVV,1.000,0,T_0_1_sample_3_,0.0,100.00,NA,0.047466,95.79,29917.74
5,H-2-IAd,RAPQVVPLP,0,RAPQVVPLP,1.000,0,T_0_1_sample_3_,0.0,100.00,NA,0.031302,97.22,35635.51
3,H-2-IAd,EYRAPQVVP,0,EYRAPQVVP,1.000,0,T_0_1_sample_3_,0.0,100.00,NA,0.010850,99.04,44461.71
1,H-2-IAd,KEEYVAPTPVPL,1,EEYVAPTPV,0.850,0,T_0_1_sample_4_,0.235215,7.18,NA,0.280102,34.53,2414.23
2,H-2-IAd,EEYVAPTPVPLP,2,YVAPTPVPL,0.720,0,T_0_1_sample_4_,0.04488,27.61,NA,0.279320,34.71,2434.75
1,H-2-IAd,KEEYVAPTPVPLP,1,EEYVAPTPV,0.760,0,T_0_1_sample_4_,0.36402,3.96,NA,0.251455,41.72,3291.47
2,H-2-IAd,EEYVAPTPVPL,2,YVAPTPVPL,0.700,0,T_0_1_sample_4_,0.006243,60.19,NA,0.222387,49.57,4507.96
3,H-2-IAd,EYVAPTPVPL,1,YVAPTPVPL,0.990,0,T_0_1_sample_4_,0.000649,87.01,NA,0.179884,62.01,7140.04
1,H-2-IAd,KEEYVAPTPVP,1,EEYVAPTPV,1.000,0,T_0_1_sample_4_,0.183034,9.48,NA,0.153125,69.95,9537.63
4,H-2-IAd,YVAPTPVPL,0,YVAPTPVPL,1.000,0,T_0_1_sample_4_,5e-06,99.84,NA,0.132361,76.01,11940.15
1,H-2-IAd,KEEYVAPTPV,1,EEYVAPTPV,1.000,0,T_0_1_sample_4_,0.024944,37.16,NA,0.116457,80.56,14182.15
2,H-2-IAd,EEYVAPTPV,0,EEYVAPTPV,1.000,0,T_0_1_sample_4_,1.8e-05,99.44,NA,0.057099,94.84,26956.51
5,H-2-IAd,VAPTPVPLP,0,VAPTPVPLP,1.000,0,T_0_1_sample_4_,0.0,100.00,NA,0.037596,96.66,33289.52
1,H-2-IAd,KEEYVAPTP,0,KEEYVAPTP,1.000,0,T_0_1_sample_4_,0.0,100.00,NA,0.023550,97.91,38753.36
3,H-2-IAd,EYVAPTPVP,0,EYVAPTPVP,1.000,0,T_0_1_sample_4_,0.0,100.00,NA,0.014497,98.71,42741.44
2,H-2-IAd,VEYRAPTPVPLP,2,YRAPTPVPL,0.960,0,T_0_1_sample_5_,0.04055,29.26,NA,0.244817,43.42,3536.57
1,H-2-IAd,KVEYRAPTPVPLP,3,YRAPTPVPL,0.900,0,T_0_1_sample_5_,0.117955,14.22,NA,0.219318,50.45,4660.16
3,H-2-IAd,EYRAPTPVPLP,1,YRAPTPVPL,0.980,0,T_0_1_sample_5_,0.006272,60.11,NA,0.198398,56.59,5843.91
3,H-2-IAd,EYRAPTPVPL,1,YRAPTPVPL,0.990,0,T_0_1_sample_5_,0.000727,86.00,NA,0.148666,71.26,10009.05
4,H-2-IAd,YRAPTPVPL,0,YRAPTPVPL,1.000,0,T_0_1_sample_5_,8e-06,99.75,NA,0.106018,83.41,15877.96
1,H-2-IAd,KVEYRAPTPVP,1,VEYRAPTPV,0.520,0,T_0_1_sample_5_,0.000565,88.10,NA,0.097169,85.76,17473.34
1,H-2-IAd,KVEYRAPTPV,1,VEYRAPTPV,0.910,0,T_0_1_sample_5_,2.3e-05,99.28,NA,0.071888,91.74,22970.51
2,H-2-IAd,VEYRAPTPVP,1,EYRAPTPVP,0.710,0,T_0_1_sample_5_,9e-06,99.72,NA,0.063449,93.51,25166.62
2,H-2-IAd,VEYRAPTPV,0,VEYRAPTPV,1.000,0,T_0_1_sample_5_,1e-06,99.97,NA,0.043541,96.13,31215.63
5,H-2-IAd,RAPTPVPLP,0,RAPTPVPLP,1.000,0,T_0_1_sample_5_,0.0,100.00,NA,0.021283,98.11,39715.65
1,H-2-IAd,KVEYRAPTP,0,KVEYRAPTP,1.000,0,T_0_1_sample_5_,0.0,100.00,NA,0.019656,98.26,40421.0
3,H-2-IAd,EYRAPTPVP,0,EYRAPTPVP,1.000,0,T_0_1_sample_5_,0.0,100.00,NA,0.011417,98.99,44189.8
2,H-2-IAd,VEYRAPQPVPLP,2,YRAPQPVPL,1.000,0,T_0_1_sample_6_,0.042396,28.53,NA,0.231206,47.14,4097.7
1,H-2-IAd,KVEYRAPQPVPLP,3,YRAPQPVPL,0.950,0,T_0_1_sample_6_,0.115358,14.49,NA,0.197501,56.86,5900.91
3,H-2-IAd,EYRAPQPVPLP,1,YRAPQPVPL,1.000,0,T_0_1_sample_6_,0.00685,58.82,NA,0.186202,60.18,6668.26
3,H-2-IAd,EYRAPQPVPL,1,YRAPQPVPL,1.000,0,T_0_1_sample_6_,0.000866,84.44,NA,0.139185,74.03,11090.31
4,H-2-IAd,YRAPQPVPL,0,YRAPQPVPL,1.000,0,T_0_1_sample_6_,1e-05,99.69,NA,0.095495,86.17,17792.7
1,H-2-IAd,KVEYRAPQPVP,1,VEYRAPQPV,0.920,0,T_0_1_sample_6_,0.00093,83.86,NA,0.087199,88.25,19463.67
1,H-2-IAd,KVEYRAPQPV,1,VEYRAPQPV,0.960,0,T_0_1_sample_6_,4.1e-05,98.72,NA,0.071668,91.79,23025.24
2,H-2-IAd,VEYRAPQPV,0,VEYRAPQPV,1.000,0,T_0_1_sample_6_,1e-06,99.97,NA,0.042973,96.19,31408.07
5,H-2-IAd,RAPQPVPLP,0,RAPQPVPLP,1.000,0,T_0_1_sample_6_,0.0,100.00,NA,0.019834,98.24,40343.23
1,H-2-IAd,KVEYRAPQP,0,KVEYRAPQP,1.000,0,T_0_1_sample_6_,0.0,100.00,NA,0.018275,98.38,41029.5
3,H-2-IAd,EYRAPQPVP,0,EYRAPQPVP,1.000,0,T_0_1_sample_6_,0.0,100.00,NA,0.004948,99.56,47393.57
2,H-2-IAd,VEYRAPTPVPLP,2,YRAPTPVPL,0.960,0,T_0_1_sample_7_,0.04055,29.26,NA,0.244817,43.42,3536.57
1,H-2-IAd,KVEYRAPTPVPLP,3,YRAPTPVPL,0.900,0,T_0_1_sample_7_,0.117955,14.22,NA,0.219318,50.45,4660.16
3,H-2-IAd,EYRAPTPVPLP,1,YRAPTPVPL,0.980,0,T_0_1_sample_7_,0.006272,60.11,NA,0.198398,56.59,5843.91
3,H-2-IAd,EYRAPTPVPL,1,YRAPTPVPL,0.990,0,T_0_1_sample_7_,0.000727,86.00,NA,0.148666,71.26,10009.05
4,H-2-IAd,YRAPTPVPL,0,YRAPTPVPL,1.000,0,T_0_1_sample_7_,8e-06,99.75,NA,0.106018,83.41,15877.96
1,H-2-IAd,KVEYRAPTPVP,1,VEYRAPTPV,0.520,0,T_0_1_sample_7_,0.000565,88.10,NA,0.097169,85.76,17473.34
1,H-2-IAd,KVEYRAPTPV,1,VEYRAPTPV,0.910,0,T_0_1_sample_7_,2.3e-05,99.28,NA,0.071888,91.74,22970.51
2,H-2-IAd,VEYRAPTPVP,1,EYRAPTPVP,0.710,0,T_0_1_sample_7_,9e-06,99.72,NA,0.063449,93.51,25166.62
2,H-2-IAd,VEYRAPTPV,0,VEYRAPTPV,1.000,0,T_0_1_sample_7_,1e-06,99.97,NA,0.043541,96.13,31215.63
5,H-2-IAd,RAPTPVPLP,0,RAPTPVPLP,1.000,0,T_0_1_sample_7_,0.0,100.00,NA,0.021283,98.11,39715.65
1,H-2-IAd,KVEYRAPTP,0,KVEYRAPTP,1.000,0,T_0_1_sample_7_,0.0,100.00,NA,0.019656,98.26,40421.0
3,H-2-IAd,EYRAPTPVP,0,EYRAPTPVP,1.000,0,T_0_1_sample_7_,0.0,100.00,NA,0.011417,98.99,44189.8
1,H-2-IAd,KVEYVDPQVLPL,1,VEYVDPQVL,0.810,0,T_0_1_sample_8_,0.055066,24.47,NA,0.266664,37.86,2792.05
2,H-2-IAd,VEYVDPQVLPLP,2,YVDPQVLPL,0.830,0,T_0_1_sample_8_,0.018404,42.24,NA,0.233285,46.57,4006.55
1,H-2-IAd,KVEYVDPQVLPLP,1,VEYVDPQVL,0.550,0,T_0_1_sample_8_,0.108181,15.27,NA,0.223840,49.17,4437.65
1,H-2-IAd,KVEYVDPQVLP,1,VEYVDPQVL,1.000,0,T_0_1_sample_8_,0.035996,31.09,NA,0.174371,63.60,7578.9
3,H-2-IAd,EYVDPQVLPLP,1,YVDPQVLPL,0.980,0,T_0_1_sample_8_,0.003036,70.42,NA,0.155498,69.24,9295.86
1,H-2-IAd,KVEYVDPQVL,1,VEYVDPQVL,1.000,0,T_0_1_sample_8_,0.003028,70.46,NA,0.144954,72.34,10419.23
3,H-2-IAd,EYVDPQVLPL,1,YVDPQVLPL,1.000,0,T_0_1_sample_8_,0.000199,94.25,NA,0.120009,79.57,13647.44
4,H-2-IAd,YVDPQVLPL,0,YVDPQVLPL,1.000,0,T_0_1_sample_8_,5e-06,99.84,NA,0.084885,88.83,19957.12
2,H-2-IAd,VEYVDPQVL,0,VEYVDPQVL,1.000,0,T_0_1_sample_8_,1.4e-05,99.56,NA,0.084287,88.98,20086.67
5,H-2-IAd,VDPQVLPLP,0,VDPQVLPLP,1.000,0,T_0_1_sample_8_,0.0,100.00,NA,0.018341,98.37,41000.22
1,H-2-IAd,KVEYVDPQV,0,KVEYVDPQV,1.000,0,T_0_1_sample_8_,0.0,100.00,NA,0.017831,98.42,41227.08
3,H-2-IAd,EYVDPQVLP,0,EYVDPQVLP,1.000,0,T_0_1_sample_8_,0.0,100.00,NA,0.006112,99.46,46800.45
2,H-2-IAd,VEYRAPQPRPLP,2,YRAPQPRPL,0.990,0,T_0_1_sample_9_,0.036943,30.70,NA,0.147539,71.59,10131.85
1,H-2-IAd,KVEYRAPQPRPLP,3,YRAPQPRPL,0.990,0,T_0_1_sample_9_,0.087858,17.87,NA,0.127948,77.28,12524.09
3,H-2-IAd,EYRAPQPRPLP,1,YRAPQPRPL,1.000,0,T_0_1_sample_9_,0.00713,58.21,NA,0.109723,82.40,15254.05
3,H-2-IAd,EYRAPQPRPL,1,YRAPQPRPL,1.000,0,T_0_1_sample_9_,0.000906,84.08,NA,0.086978,88.31,19510.25
1,H-2-IAd,KVEYRAPQPRP,1,VEYRAPQPR,0.800,0,T_0_1_sample_9_,0.000543,88.39,NA,0.062652,93.68,25384.59
4,H-2-IAd,YRAPQPRPL,0,YRAPQPRPL,1.000,0,T_0_1_sample_9_,5e-06,99.84,NA,0.056795,94.90,27045.31
1,H-2-IAd,KVEYRAPQPR,1,VEYRAPQPR,0.840,0,T_0_1_sample_9_,2.5e-05,99.22,NA,0.055566,95.07,27407.35
2,H-2-IAd,VEYRAPQPR,0,VEYRAPQPR,1.000,0,T_0_1_sample_9_,0.0,100.00,NA,0.030424,97.30,35975.64
1,H-2-IAd,KVEYRAPQP,0,KVEYRAPQP,1.000,0,T_0_1_sample_9_,0.0,100.00,NA,0.018275,98.38,41029.5
5,H-2-IAd,RAPQPRPLP,0,RAPQPRPLP,1.000,0,T_0_1_sample_9_,0.0,100.00,NA,0.005617,99.50,47051.75
3,H-2-IAd,EYRAPQPRP,0,EYRAPQPRP,1.000,0,T_0_1_sample_9_,0.0,100.00,NA,0.004078,99.64,47841.82
1,H-2-IAd,KVEYVAPTPVPL,1,VEYVAPTPV,0.690,0,T_0_1_sample_10,0.09364,17.11,NA,0.378789,15.93,829.95
2,H-2-IAd,VEYVAPTPVPLP,2,YVAPTPVPL,0.770,0,T_0_1_sample_10,0.030182,33.95,NA,0.333542,23.45,1354.15
1,H-2-IAd,KVEYVAPTPVPLP,1,VEYVAPTPV,0.600,0,T_0_1_sample_10,0.192696,9.00,NA,0.327345,24.63,1448.06
1,H-2-IAd,KVEYVAPTPVP,1,VEYVAPTPV,0.970,0,T_0_1_sample_10,0.060756,23.05,NA,0.281135,34.28,2387.4
3,H-2-IAd,EYVAPTPVPLP,1,YVAPTPVPL,0.870,0,T_0_1_sample_10,0.005779,61.47,NA,0.238464,45.16,3788.22
1,H-2-IAd,KVEYVAPTPV,1,VEYVAPTPV,1.000,0,T_0_1_sample_10,0.006006,60.84,NA,0.224210,49.07,4419.91
3,H-2-IAd,EYVAPTPVPL,1,YVAPTPVPL,0.990,0,T_0_1_sample_10,0.000649,87.01,NA,0.179884,62.01,7140.04
2,H-2-IAd,VEYVAPTPV,0,VEYVAPTPV,1.000,0,T_0_1_sample_10,1.2e-05,99.62,NA,0.138479,74.23,11175.36
4,H-2-IAd,YVAPTPVPL,0,YVAPTPVPL,1.000,0,T_0_1_sample_10,5e-06,99.84,NA,0.132361,76.01,11940.15
1,H-2-IAd,KVEYVAPTP,0,KVEYVAPTP,1.000,0,T_0_1_sample_10,0.0,100.00,NA,0.038445,96.59,32985.12
5,H-2-IAd,VAPTPVPLP,0,VAPTPVPLP,1.000,0,T_0_1_sample_10,0.0,100.00,NA,0.037596,96.66,33289.52
3,H-2-IAd,EYVAPTPVP,0,EYVAPTPVP,1.000,0,T_0_1_sample_10,0.0,100.00,NA,0.014497,98.71,42741.44
2,H-2-IAd,VEYRAPQVVPLP,2,YRAPQVVPL,1.000,0,T_0_1_sample_11,0.065994,21.89,NA,0.308542,28.32,1774.76
1,H-2-IAd,KVEYRAPQVVPLP,3,YRAPQVVPL,0.990,0,T_0_1_sample_11,0.168117,10.34,NA,0.273746,36.10,2586.1
3,H-2-IAd,EYRAPQVVPLP,1,YRAPQVVPL,0.990,0,T_0_1_sample_11,0.013573,47.43,NA,0.254116,41.03,3198.06
3,H-2-IAd,EYRAPQVVPL,1,YRAPQVVPL,1.000,0,T_0_1_sample_11,0.000791,85.17,NA,0.196792,57.07,5946.35
4,H-2-IAd,YRAPQVVPL,0,YRAPQVVPL,1.000,0,T_0_1_sample_11,2e-05,99.38,NA,0.134868,75.28,11620.62
1,H-2-IAd,KVEYRAPQVVP,1,VEYRAPQVV,0.780,0,T_0_1_sample_11,0.000777,85.35,NA,0.124190,78.36,13043.83
1,H-2-IAd,KVEYRAPQVV,1,VEYRAPQVV,0.770,0,T_0_1_sample_11,2.8e-05,99.12,NA,0.098984,85.30,17133.54
1,H-2-IAd,KVEYRAPQV,0,KVEYRAPQV,1.000,0,T_0_1_sample_11,0.0,100.00,NA,0.048500,95.69,29584.89
2,H-2-IAd,VEYRAPQVV,0,VEYRAPQVV,1.000,0,T_0_1_sample_11,0.0,100.00,NA,0.047466,95.79,29917.74
5,H-2-IAd,RAPQVVPLP,0,RAPQVVPLP,1.000,0,T_0_1_sample_11,0.0,100.00,NA,0.031302,97.22,35635.51
3,H-2-IAd,EYRAPQVVP,0,EYRAPQVVP,1.000,0,T_0_1_sample_11,0.0,100.00,NA,0.010850,99.04,44461.71
2,H-2-IAd,EEYVAPQPVPLP,2,YVAPQPVPL,0.640,0,T_0_1_sample_12,0.066821,21.70,NA,0.273315,36.20,2598.19
1,H-2-IAd,KEEYVAPQPVPL,1,EEYVAPQPV,0.940,0,T_0_1_sample_12,0.408541,3.29,NA,0.273038,36.27,2605.99
1,H-2-IAd,KEEYVAPQPVPLP,1,EEYVAPQPV,0.880,0,T_0_1_sample_12,0.53523,1.87,NA,0.249640,42.19,3356.75
3,H-2-IAd,EYVAPQPVPLP,1,YVAPQPVPL,0.950,0,T_0_1_sample_12,0.005913,61.10,NA,0.219471,50.41,4652.46
1,H-2-IAd,KEEYVAPQPVP,1,EEYVAPQPV,1.000,0,T_0_1_sample_12,0.342503,4.37,NA,0.162531,67.11,8614.73
3,H-2-IAd,EYVAPQPVPL,1,YVAPQPVPL,1.000,0,T_0_1_sample_12,0.000678,86.64,NA,0.154678,69.48,9378.7
1,H-2-IAd,KEEYVAPQPV,1,EEYVAPQPV,1.000,0,T_0_1_sample_12,0.074496,20.07,NA,0.137427,74.54,11303.29
4,H-2-IAd,YVAPQPVPL,0,YVAPQPVPL,1.000,0,T_0_1_sample_12,6e-06,99.81,NA,0.111830,81.82,14910.23
2,H-2-IAd,EEYVAPQPV,0,EEYVAPQPV,1.000,0,T_0_1_sample_12,0.000492,89.05,NA,0.074356,91.23,22365.23
5,H-2-IAd,VAPQPVPLP,0,VAPQPVPLP,1.000,0,T_0_1_sample_12,0.0,100.00,NA,0.035106,96.88,34198.57
1,H-2-IAd,KEEYVAPQP,0,KEEYVAPQP,1.000,0,T_0_1_sample_12,0.0,100.00,NA,0.020517,98.18,40046.2
3,H-2-IAd,EYVAPQPVP,0,EYVAPQPVP,1.000,0,T_0_1_sample_12,0.0,100.00,NA,0.005886,99.48,46915.01
2,H-2-IAd,VEYRAPQPVPLP,2,YRAPQPVPL,1.000,0,T_0_1_sample_13,0.042396,28.53,NA,0.231206,47.14,4097.7
1,H-2-IAd,KVEYRAPQPVPLP,3,YRAPQPVPL,0.950,0,T_0_1_sample_13,0.115358,14.49,NA,0.197501,56.86,5900.91
3,H-2-IAd,EYRAPQPVPLP,1,YRAPQPVPL,1.000,0,T_0_1_sample_13,0.00685,58.82,NA,0.186202,60.18,6668.26
3,H-2-IAd,EYRAPQPVPL,1,YRAPQPVPL,1.000,0,T_0_1_sample_13,0.000866,84.44,NA,0.139185,74.03,11090.31
4,H-2-IAd,YRAPQPVPL,0,YRAPQPVPL,1.000,0,T_0_1_sample_13,1e-05,99.69,NA,0.095495,86.17,17792.7
1,H-2-IAd,KVEYRAPQPVP,1,VEYRAPQPV,0.920,0,T_0_1_sample_13,0.00093,83.86,NA,0.087199,88.25,19463.67
1,H-2-IAd,KVEYRAPQPV,1,VEYRAPQPV,0.960,0,T_0_1_sample_13,4.1e-05,98.72,NA,0.071668,91.79,23025.24
2,H-2-IAd,VEYRAPQPV,0,VEYRAPQPV,1.000,0,T_0_1_sample_13,1e-06,99.97,NA,0.042973,96.19,31408.07
5,H-2-IAd,RAPQPVPLP,0,RAPQPVPLP,1.000,0,T_0_1_sample_13,0.0,100.00,NA,0.019834,98.24,40343.23
1,H-2-IAd,KVEYRAPQP,0,KVEYRAPQP,1.000,0,T_0_1_sample_13,0.0,100.00,NA,0.018275,98.38,41029.5
3,H-2-IAd,EYRAPQPVP,0,EYRAPQPVP,1.000,0,T_0_1_sample_13,0.0,100.00,NA,0.004948,99.56,47393.57
2,H-2-IAd,VEYRAPTPVPLP,2,YRAPTPVPL,0.960,0,T_0_1_sample_14,0.04055,29.26,NA,0.244817,43.42,3536.57
1,H-2-IAd,KVEYRAPTPVPLP,3,YRAPTPVPL,0.900,0,T_0_1_sample_14,0.117955,14.22,NA,0.219318,50.45,4660.16
3,H-2-IAd,EYRAPTPVPLP,1,YRAPTPVPL,0.980,0,T_0_1_sample_14,0.006272,60.11,NA,0.198398,56.59,5843.91
3,H-2-IAd,EYRAPTPVPL,1,YRAPTPVPL,0.990,0,T_0_1_sample_14,0.000727,86.00,NA,0.148666,71.26,10009.05
4,H-2-IAd,YRAPTPVPL,0,YRAPTPVPL,1.000,0,T_0_1_sample_14,8e-06,99.75,NA,0.106018,83.41,15877.96
1,H-2-IAd,KVEYRAPTPVP,1,VEYRAPTPV,0.520,0,T_0_1_sample_14,0.000565,88.10,NA,0.097169,85.76,17473.34
1,H-2-IAd,KVEYRAPTPV,1,VEYRAPTPV,0.910,0,T_0_1_sample_14,2.3e-05,99.28,NA,0.071888,91.74,22970.51
2,H-2-IAd,VEYRAPTPVP,1,EYRAPTPVP,0.710,0,T_0_1_sample_14,9e-06,99.72,NA,0.063449,93.51,25166.62
2,H-2-IAd,VEYRAPTPV,0,VEYRAPTPV,1.000,0,T_0_1_sample_14,1e-06,99.97,NA,0.043541,96.13,31215.63
5,H-2-IAd,RAPTPVPLP,0,RAPTPVPLP,1.000,0,T_0_1_sample_14,0.0,100.00,NA,0.021283,98.11,39715.65
1,H-2-IAd,KVEYRAPTP,0,KVEYRAPTP,1.000,0,T_0_1_sample_14,0.0,100.00,NA,0.019656,98.26,40421.0
3,H-2-IAd,EYRAPTPVP,0,EYRAPTPVP,1.000,0,T_0_1_sample_14,0.0,100.00,NA,0.011417,98.99,44189.8
1,H-2-IAd,KEEYVAPTPVPL,1,EEYVAPTPV,0.850,0,T_0_1_sample_15,0.235215,7.18,NA,0.280102,34.53,2414.23
2,H-2-IAd,EEYVAPTPVPLP,2,YVAPTPVPL,0.720,0,T_0_1_sample_15,0.04488,27.61,NA,0.279320,34.71,2434.75
1,H-2-IAd,KEEYVAPTPVPLP,1,EEYVAPTPV,0.760,0,T_0_1_sample_15,0.36402,3.96,NA,0.251455,41.72,3291.47
2,H-2-IAd,EEYVAPTPVPL,2,YVAPTPVPL,0.700,0,T_0_1_sample_15,0.006243,60.19,NA,0.222387,49.57,4507.96
3,H-2-IAd,EYVAPTPVPL,1,YVAPTPVPL,0.990,0,T_0_1_sample_15,0.000649,87.01,NA,0.179884,62.01,7140.04
1,H-2-IAd,KEEYVAPTPVP,1,EEYVAPTPV,1.000,0,T_0_1_sample_15,0.183034,9.48,NA,0.153125,69.95,9537.63
4,H-2-IAd,YVAPTPVPL,0,YVAPTPVPL,1.000,0,T_0_1_sample_15,5e-06,99.84,NA,0.132361,76.01,11940.15
1,H-2-IAd,KEEYVAPTPV,1,EEYVAPTPV,1.000,0,T_0_1_sample_15,0.024944,37.16,NA,0.116457,80.56,14182.15
2,H-2-IAd,EEYVAPTPV,0,EEYVAPTPV,1.000,0,T_0_1_sample_15,1.8e-05,99.44,NA,0.057099,94.84,26956.51
5,H-2-IAd,VAPTPVPLP,0,VAPTPVPLP,1.000,0,T_0_1_sample_15,0.0,100.00,NA,0.037596,96.66,33289.52
1,H-2-IAd,KEEYVAPTP,0,KEEYVAPTP,1.000,0,T_0_1_sample_15,0.0,100.00,NA,0.023550,97.91,38753.36
3,H-2-IAd,EYVAPTPVP,0,EYVAPTPVP,1.000,0,T_0_1_sample_15,0.0,100.00,NA,0.014497,98.71,42741.44
2,H-2-IAd,VEYRAPQPVPLP,2,YRAPQPVPL,1.000,0,T_0_1_sample_16,0.042396,28.53,NA,0.231206,47.14,4097.7
1,H-2-IAd,KVEYRAPQPVPLP,3,YRAPQPVPL,0.950,0,T_0_1_sample_16,0.115358,14.49,NA,0.197501,56.86,5900.91
3,H-2-IAd,EYRAPQPVPLP,1,YRAPQPVPL,1.000,0,T_0_1_sample_16,0.00685,58.82,NA,0.186202,60.18,6668.26
3,H-2-IAd,EYRAPQPVPL,1,YRAPQPVPL,1.000,0,T_0_1_sample_16,0.000866,84.44,NA,0.139185,74.03,11090.31
4,H-2-IAd,YRAPQPVPL,0,YRAPQPVPL,1.000,0,T_0_1_sample_16,1e-05,99.69,NA,0.095495,86.17,17792.7
1,H-2-IAd,KVEYRAPQPVP,1,VEYRAPQPV,0.920,0,T_0_1_sample_16,0.00093,83.86,NA,0.087199,88.25,19463.67
1,H-2-IAd,KVEYRAPQPV,1,VEYRAPQPV,0.960,0,T_0_1_sample_16,4.1e-05,98.72,NA,0.071668,91.79,23025.24
2,H-2-IAd,VEYRAPQPV,0,VEYRAPQPV,1.000,0,T_0_1_sample_16,1e-06,99.97,NA,0.042973,96.19,31408.07
5,H-2-IAd,RAPQPVPLP,0,RAPQPVPLP,1.000,0,T_0_1_sample_16,0.0,100.00,NA,0.019834,98.24,40343.23
1,H-2-IAd,KVEYRAPQP,0,KVEYRAPQP,1.000,0,T_0_1_sample_16,0.0,100.00,NA,0.018275,98.38,41029.5
3,H-2-IAd,EYRAPQPVP,0,EYRAPQPVP,1.000,0,T_0_1_sample_16,0.0,100.00,NA,0.004948,99.56,47393.57
2,H-2-IAd,VEYRAPTPVPLP,2,YRAPTPVPL,0.960,0,T_0_1_sample_17,0.04055,29.26,NA,0.244817,43.42,3536.57
1,H-2-IAd,KVEYRAPTPVPLP,3,YRAPTPVPL,0.900,0,T_0_1_sample_17,0.117955,14.22,NA,0.219318,50.45,4660.16
3,H-2-IAd,EYRAPTPVPLP,1,YRAPTPVPL,0.980,0,T_0_1_sample_17,0.006272,60.11,NA,0.198398,56.59,5843.91
3,H-2-IAd,EYRAPTPVPL,1,YRAPTPVPL,0.990,0,T_0_1_sample_17,0.000727,86.00,NA,0.148666,71.26,10009.05
4,H-2-IAd,YRAPTPVPL,0,YRAPTPVPL,1.000,0,T_0_1_sample_17,8e-06,99.75,NA,0.106018,83.41,15877.96
1,H-2-IAd,KVEYRAPTPVP,1,VEYRAPTPV,0.520,0,T_0_1_sample_17,0.000565,88.10,NA,0.097169,85.76,17473.34
1,H-2-IAd,KVEYRAPTPV,1,VEYRAPTPV,0.910,0,T_0_1_sample_17,2.3e-05,99.28,NA,0.071888,91.74,22970.51
2,H-2-IAd,VEYRAPTPVP,1,EYRAPTPVP,0.710,0,T_0_1_sample_17,9e-06,99.72,NA,0.063449,93.51,25166.62
2,H-2-IAd,VEYRAPTPV,0,VEYRAPTPV,1.000,0,T_0_1_sample_17,1e-06,99.97,NA,0.043541,96.13,31215.63
5,H-2-IAd,RAPTPVPLP,0,RAPTPVPLP,1.000,0,T_0_1_sample_17,0.0,100.00,NA,0.021283,98.11,39715.65
1,H-2-IAd,KVEYRAPTP,0,KVEYRAPTP,1.000,0,T_0_1_sample_17,0.0,100.00,NA,0.019656,98.26,40421.0
3,H-2-IAd,EYRAPTPVP,0,EYRAPTPVP,1.000,0,T_0_1_sample_17,0.0,100.00,NA,0.011417,98.99,44189.8
2,H-2-IAd,VQYRAPTPVPLP,2,YRAPTPVPL,0.980,0,T_0_1_sample_18,0.036359,30.94,NA,0.257985,40.07,3066.95
1,H-2-IAd,KVQYRAPTPVPLP,3,YRAPTPVPL,0.950,0,T_0_1_sample_18,0.107483,15.35,NA,0.230453,47.36,4131.22
3,H-2-IAd,QYRAPTPVPLP,1,YRAPTPVPL,0.980,0,T_0_1_sample_18,0.005513,62.21,NA,0.202681,55.33,5579.28
3,H-2-IAd,QYRAPTPVPL,1,YRAPTPVPL,1.000,0,T_0_1_sample_18,0.000649,87.01,NA,0.152899,70.02,9560.97
1,H-2-IAd,KVQYRAPTPVP,1,VQYRAPTPV,0.620,0,T_0_1_sample_18,0.000288,92.53,NA,0.130275,76.61,12212.7
4,H-2-IAd,YRAPTPVPL,0,YRAPTPVPL,1.000,0,T_0_1_sample_18,8e-06,99.75,NA,0.106018,83.41,15877.96
1,H-2-IAd,KVQYRAPTPV,1,VQYRAPTPV,0.880,0,T_0_1_sample_18,1.5e-05,99.53,NA,0.105205,83.63,16018.24
2,H-2-IAd,VQYRAPTPVP,1,QYRAPTPVP,0.630,0,T_0_1_sample_18,4e-06,99.88,NA,0.088806,87.85,19128.16
2,H-2-IAd,VQYRAPTPV,0,VQYRAPTPV,1.000,0,T_0_1_sample_18,0.0,100.00,NA,0.068781,92.39,23755.82
1,H-2-IAd,KVQYRAPTP,0,KVQYRAPTP,1.000,0,T_0_1_sample_18,0.0,100.00,NA,0.024642,97.81,38298.17
5,H-2-IAd,RAPTPVPLP,0,RAPTPVPLP,1.000,0,T_0_1_sample_18,0.0,100.00,NA,0.021283,98.11,39715.65
3,H-2-IAd,QYRAPTPVP,0,QYRAPTPVP,1.000,0,T_0_1_sample_18,0.0,100.00,NA,0.014467,98.72,42755.3
1,H-2-IAd,KEEYVAPTPRPL,3,YVAPTPRPL,0.470,0,T_0_1_sample_19,0.063772,22.38,NA,0.192784,58.25,6209.89
1,H-2-IAd,KEEYVAPTPRPLP,3,YVAPTPRPL,0.610,0,T_0_1_sample_19,0.140863,12.23,NA,0.160011,67.87,8852.85
2,H-2-IAd,EEYVAPTPRPL,2,YVAPTPRPL,0.900,0,T_0_1_sample_19,0.012434,48.85,NA,0.147088,71.72,10181.41
3,H-2-IAd,EYVAPTPRPL,1,YVAPTPRPL,1.000,0,T_0_1_sample_19,0.001318,80.36,NA,0.113172,81.46,14695.29
1,H-2-IAd,KEEYVAPTPRP,1,EEYVAPTPR,0.890,0,T_0_1_sample_19,0.021287,39.78,NA,0.087343,88.22,19433.36
4,H-2-IAd,YVAPTPRPL,0,YVAPTPRPL,1.000,0,T_0_1_sample_19,8e-06,99.75,NA,0.080472,89.93,20933.15
1,H-2-IAd,KEEYVAPTPR,1,EEYVAPTPR,0.980,0,T_0_1_sample_19,0.002386,73.61,NA,0.069490,92.24,23574.28
2,H-2-IAd,EEYVAPTPR,0,EEYVAPTPR,1.000,0,T_0_1_sample_19,3e-06,99.91,NA,0.032615,97.10,35132.82
1,H-2-IAd,KEEYVAPTP,0,KEEYVAPTP,1.000,0,T_0_1_sample_19,0.0,100.00,NA,0.023550,97.91,38753.36
5,H-2-IAd,VAPTPRPLP,0,VAPTPRPLP,1.000,0,T_0_1_sample_19,0.0,100.00,NA,0.015097,98.66,42464.85
3,H-2-IAd,EYVAPTPRP,0,EYVAPTPRP,1.000,0,T_0_1_sample_19,0.0,100.00,NA,0.012286,98.91,43776.24
2,H-2-IAd,EEYVAPQPVPLP,2,YVAPQPVPL,0.640,0,T_0_1_sample_20,0.066821,21.70,NA,0.273315,36.20,2598.19
1,H-2-IAd,KEEYVAPQPVPL,1,EEYVAPQPV,0.940,0,T_0_1_sample_20,0.408541,3.29,NA,0.273038,36.27,2605.99
1,H-2-IAd,KEEYVAPQPVPLP,1,EEYVAPQPV,0.880,0,T_0_1_sample_20,0.53523,1.87,NA,0.249640,42.19,3356.75
3,H-2-IAd,EYVAPQPVPLP,1,YVAPQPVPL,0.950,0,T_0_1_sample_20,0.005913,61.10,NA,0.219471,50.41,4652.46
1,H-2-IAd,KEEYVAPQPVP,1,EEYVAPQPV,1.000,0,T_0_1_sample_20,0.342503,4.37,NA,0.162531,67.11,8614.73
3,H-2-IAd,EYVAPQPVPL,1,YVAPQPVPL,1.000,0,T_0_1_sample_20,0.000678,86.64,NA,0.154678,69.48,9378.7
1,H-2-IAd,KEEYVAPQPV,1,EEYVAPQPV,1.000,0,T_0_1_sample_20,0.074496,20.07,NA,0.137427,74.54,11303.29
4,H-2-IAd,YVAPQPVPL,0,YVAPQPVPL,1.000,0,T_0_1_sample_20,6e-06,99.81,NA,0.111830,81.82,14910.23
2,H-2-IAd,EEYVAPQPV,0,EEYVAPQPV,1.000,0,T_0_1_sample_20,0.000492,89.05,NA,0.074356,91.23,22365.23
5,H-2-IAd,VAPQPVPLP,0,VAPQPVPLP,1.000,0,T_0_1_sample_20,0.0,100.00,NA,0.035106,96.88,34198.57
1,H-2-IAd,KEEYVAPQP,0,KEEYVAPQP,1.000,0,T_0_1_sample_20,0.0,100.00,NA,0.020517,98.18,40046.2
3,H-2-IAd,EYVAPQPVP,0,EYVAPQPVP,1.000,0,T_0_1_sample_20,0.0,100.00,NA,0.005886,99.48,46915.01
2,H-2-IAd,EEYRAPQPVPLP,2,YRAPQPVPL,1.000,0,T_0_1_sample_21,0.053205,24.97,NA,0.214908,51.74,4887.92
1,H-2-IAd,KEEYRAPQPVPLP,3,YRAPQPVPL,0.970,0,T_0_1_sample_21,0.138509,12.41,NA,0.179504,62.12,7169.45
2,H-2-IAd,EEYRAPQPVPL,2,YRAPQPVPL,1.000,0,T_0_1_sample_21,0.008484,55.25,NA,0.167306,65.67,8180.96
3,H-2-IAd,EYRAPQPVPL,1,YRAPQPVPL,1.000,0,T_0_1_sample_21,0.000866,84.44,NA,0.139185,74.03,11090.31
4,H-2-IAd,YRAPQPVPL,0,YRAPQPVPL,1.000,0,T_0_1_sample_21,1e-05,99.69,NA,0.095495,86.17,17792.7
1,H-2-IAd,KEEYRAPQPVP,1,EEYRAPQPV,0.880,0,T_0_1_sample_21,0.000811,84.94,NA,0.045164,95.99,30672.26
1,H-2-IAd,KEEYRAPQPV,1,EEYRAPQPV,0.960,0,T_0_1_sample_21,3.3e-05,98.97,NA,0.036821,96.73,33569.83
5,H-2-IAd,RAPQPVPLP,0,RAPQPVPLP,1.000,0,T_0_1_sample_21,0.0,100.00,NA,0.019834,98.24,40343.23
2,H-2-IAd,EEYRAPQPV,0,EEYRAPQPV,1.000,0,T_0_1_sample_21,0.0,100.00,NA,0.017475,98.45,41386.19
1,H-2-IAd,KEEYRAPQP,0,KEEYRAPQP,1.000,0,T_0_1_sample_21,0.0,100.00,NA,0.012395,98.90,43724.63
3,H-2-IAd,EYRAPQPVP,0,EYRAPQPVP,1.000,0,T_0_1_sample_21,0.0,100.00,NA,0.004948,99.56,47393.57
2,H-2-IAd,VEYRAPTPVPLP,2,YRAPTPVPL,0.960,0,T_0_1_sample_22,0.04055,29.26,NA,0.244817,43.42,3536.57
1,H-2-IAd,KVEYRAPTPVPLP,3,YRAPTPVPL,0.900,0,T_0_1_sample_22,0.117955,14.22,NA,0.219318,50.45,4660.16
3,H-2-IAd,EYRAPTPVPLP,1,YRAPTPVPL,0.980,0,T_0_1_sample_22,0.006272,60.11,NA,0.198398,56.59,5843.91
3,H-2-IAd,EYRAPTPVPL,1,YRAPTPVPL,0.990,0,T_0_1_sample_22,0.000727,86.00,NA,0.148666,71.26,10009.05
4,H-2-IAd,YRAPTPVPL,0,YRAPTPVPL,1.000,0,T_0_1_sample_22,8e-06,99.75,NA,0.106018,83.41,15877.96
1,H-2-IAd,KVEYRAPTPVP,1,VEYRAPTPV,0.520,0,T_0_1_sample_22,0.000565,88.10,NA,0.097169,85.76,17473.34
1,H-2-IAd,KVEYRAPTPV,1,VEYRAPTPV,0.910,0,T_0_1_sample_22,2.3e-05,99.28,NA,0.071888,91.74,22970.51
2,H-2-IAd,VEYRAPTPVP,1,EYRAPTPVP,0.710,0,T_0_1_sample_22,9e-06,99.72,NA,0.063449,93.51,25166.62
2,H-2-IAd,VEYRAPTPV,0,VEYRAPTPV,1.000,0,T_0_1_sample_22,1e-06,99.97,NA,0.043541,96.13,31215.63
5,H-2-IAd,RAPTPVPLP,0,RAPTPVPLP,1.000,0,T_0_1_sample_22,0.0,100.00,NA,0.021283,98.11,39715.65
1,H-2-IAd,KVEYRAPTP,0,KVEYRAPTP,1.000,0,T_0_1_sample_22,0.0,100.00,NA,0.019656,98.26,40421.0
3,H-2-IAd,EYRAPTPVP,0,EYRAPTPVP,1.000,0,T_0_1_sample_22,0.0,100.00,NA,0.011417,98.99,44189.8
2,H-2-IAd,VEYRAPQPRPLP,2,YRAPQPRPL,0.990,0,T_0_1_sample_23,0.036943,30.70,NA,0.147539,71.59,10131.85
1,H-2-IAd,KVEYRAPQPRPLP,3,YRAPQPRPL,0.990,0,T_0_1_sample_23,0.087858,17.87,NA,0.127948,77.28,12524.09
3,H-2-IAd,EYRAPQPRPLP,1,YRAPQPRPL,1.000,0,T_0_1_sample_23,0.00713,58.21,NA,0.109723,82.40,15254.05
3,H-2-IAd,EYRAPQPRPL,1,YRAPQPRPL,1.000,0,T_0_1_sample_23,0.000906,84.08,NA,0.086978,88.31,19510.25
1,H-2-IAd,KVEYRAPQPRP,1,VEYRAPQPR,0.800,0,T_0_1_sample_23,0.000543,88.39,NA,0.062652,93.68,25384.59
4,H-2-IAd,YRAPQPRPL,0,YRAPQPRPL,1.000,0,T_0_1_sample_23,5e-06,99.84,NA,0.056795,94.90,27045.31
1,H-2-IAd,KVEYRAPQPR,1,VEYRAPQPR,0.840,0,T_0_1_sample_23,2.5e-05,99.22,NA,0.055566,95.07,27407.35
2,H-2-IAd,VEYRAPQPR,0,VEYRAPQPR,1.000,0,T_0_1_sample_23,0.0,100.00,NA,0.030424,97.30,35975.64
1,H-2-IAd,KVEYRAPQP,0,KVEYRAPQP,1.000,0,T_0_1_sample_23,0.0,100.00,NA,0.018275,98.38,41029.5
5,H-2-IAd,RAPQPRPLP,0,RAPQPRPLP,1.000,0,T_0_1_sample_23,0.0,100.00,NA,0.005617,99.50,47051.75
3,H-2-IAd,EYRAPQPRP,0,EYRAPQPRP,1.000,0,T_0_1_sample_23,0.0,100.00,NA,0.004078,99.64,47841.82
2,H-2-IAd,AEYRAPQPVPLP,2,YRAPQPVPL,1.000,0,T_0_1_sample_24,0.044988,27.57,NA,0.221021,49.95,4575.08
3,H-2-IAd,EYRAPQPVPLP,1,YRAPQPVPL,1.000,0,T_0_1_sample_24,0.00685,58.82,NA,0.186202,60.18,6668.26
1,H-2-IAd,KAEYRAPQPVPLP,3,YRAPQPVPL,0.980,0,T_0_1_sample_24,0.120008,14.00,NA,0.184928,60.55,6760.81
3,H-2-IAd,EYRAPQPVPL,1,YRAPQPVPL,1.000,0,T_0_1_sample_24,0.000866,84.44,NA,0.139185,74.03,11090.31
4,H-2-IAd,YRAPQPVPL,0,YRAPQPVPL,1.000,0,T_0_1_sample_24,1e-05,99.69,NA,0.095495,86.17,17792.7
1,H-2-IAd,KAEYRAPQPVP,1,AEYRAPQPV,0.770,0,T_0_1_sample_24,0.000159,95.03,NA,0.049551,95.60,29250.37
1,H-2-IAd,KAEYRAPQPV,1,AEYRAPQPV,0.840,0,T_0_1_sample_24,8e-06,99.75,NA,0.039389,96.50,32649.93
5,H-2-IAd,RAPQPVPLP,0,RAPQPVPLP,1.000,0,T_0_1_sample_24,0.0,100.00,NA,0.019834,98.24,40343.23
2,H-2-IAd,AEYRAPQPV,0,AEYRAPQPV,1.000,0,T_0_1_sample_24,0.0,100.00,NA,0.018895,98.32,40755.18
1,H-2-IAd,KAEYRAPQP,0,KAEYRAPQP,1.000,0,T_0_1_sample_24,0.0,100.00,NA,0.014646,98.70,42672.58
3,H-2-IAd,EYRAPQPVP,0,EYRAPQPVP,1.000,0,T_0_1_sample_24,0.0,100.00,NA,0.004948,99.56,47393.57
2,H-2-IAd,VEYRSPQPVPLP,2,YRSPQPVPL,1.000,0,T_0_1_sample_25,0.030144,33.97,NA,0.210607,53.00,5120.76
1,H-2-IAd,KVEYRSPQPVPLP,3,YRSPQPVPL,0.960,0,T_0_1_sample_25,0.099843,16.26,NA,0.175305,63.33,7502.69
3,H-2-IAd,EYRSPQPVPLP,1,YRSPQPVPL,1.000,0,T_0_1_sample_25,0.004874,63.97,NA,0.168360,65.35,8088.19
3,H-2-IAd,EYRSPQPVPL,1,YRSPQPVPL,1.000,0,T_0_1_sample_25,0.000597,87.69,NA,0.124279,78.34,13031.27
4,H-2-IAd,YRSPQPVPL,0,YRSPQPVPL,1.000,0,T_0_1_sample_25,8e-06,99.75,NA,0.085491,88.68,19826.7
1,H-2-IAd,KVEYRSPQPVP,1,VEYRSPQPV,0.950,0,T_0_1_sample_25,0.00025,93.26,NA,0.069479,92.25,23577.1
1,H-2-IAd,KVEYRSPQPV,1,VEYRSPQPV,0.980,0,T_0_1_sample_25,1.4e-05,99.56,NA,0.058734,94.50,26483.82
2,H-2-IAd,VEYRSPQPV,0,VEYRSPQPV,1.000,0,T_0_1_sample_25,0.0,100.00,NA,0.035093,96.88,34203.38
5,H-2-IAd,RSPQPVPLP,0,RSPQPVPLP,1.000,0,T_0_1_sample_25,0.0,100.00,NA,0.015964,98.58,42068.38
1,H-2-IAd,KVEYRSPQP,0,KVEYRSPQP,1.000,0,T_0_1_sample_25,0.0,100.00,NA,0.010333,99.08,44711.12
3,H-2-IAd,EYRSPQPVP,0,EYRSPQPVP,1.000,0,T_0_1_sample_25,0.0,100.00,NA,0.003622,99.68,48078.44
2,H-2-IAd,VEYRAPQVVPLP,2,YRAPQVVPL,1.000,0,T_0_1_sample_26,0.065994,21.89,NA,0.308542,28.32,1774.76
1,H-2-IAd,KVEYRAPQVVPLP,3,YRAPQVVPL,0.990,0,T_0_1_sample_26,0.168117,10.34,NA,0.273746,36.10,2586.1
3,H-2-IAd,EYRAPQVVPLP,1,YRAPQVVPL,0.990,0,T_0_1_sample_26,0.013573,47.43,NA,0.254116,41.03,3198.06
3,H-2-IAd,EYRAPQVVPL,1,YRAPQVVPL,1.000,0,T_0_1_sample_26,0.000791,85.17,NA,0.196792,57.07,5946.35
4,H-2-IAd,YRAPQVVPL,0,YRAPQVVPL,1.000,0,T_0_1_sample_26,2e-05,99.38,NA,0.134868,75.28,11620.62
1,H-2-IAd,KVEYRAPQVVP,1,VEYRAPQVV,0.780,0,T_0_1_sample_26,0.000777,85.35,NA,0.124190,78.36,13043.83
1,H-2-IAd,KVEYRAPQVV,1,VEYRAPQVV,0.770,0,T_0_1_sample_26,2.8e-05,99.12,NA,0.098984,85.30,17133.54
1,H-2-IAd,KVEYRAPQV,0,KVEYRAPQV,1.000,0,T_0_1_sample_26,0.0,100.00,NA,0.048500,95.69,29584.89
2,H-2-IAd,VEYRAPQVV,0,VEYRAPQVV,1.000,0,T_0_1_sample_26,0.0,100.00,NA,0.047466,95.79,29917.74
5,H-2-IAd,RAPQVVPLP,0,RAPQVVPLP,1.000,0,T_0_1_sample_26,0.0,100.00,NA,0.031302,97.22,35635.51
3,H-2-IAd,EYRAPQVVP,0,EYRAPQVVP,1.000,0,T_0_1_sample_26,0.0,100.00,NA,0.010850,99.04,44461.71
2,H-2-IAd,EEYRAPTVRPLP,2,YRAPTVRPL,0.930,0,T_0_1_sample_27,0.068039,21.44,NA,0.222761,49.47,4489.75
1,H-2-IAd,KEEYRAPTVRPLP,3,YRAPTVRPL,0.850,0,T_0_1_sample_27,0.175409,9.90,NA,0.198751,56.49,5821.64
3,H-2-IAd,EYRAPTVRPLP,1,YRAPTVRPL,1.000,0,T_0_1_sample_27,0.009713,53.16,NA,0.191424,58.65,6301.94
3,H-2-IAd,EYRAPTVRPL,1,YRAPTVRPL,1.000,0,T_0_1_sample_27,0.000733,85.92,NA,0.163620,66.78,8513.82
4,H-2-IAd,YRAPTVRPL,0,YRAPTVRPL,1.000,0,T_0_1_sample_27,1.5e-05,99.53,NA,0.117374,80.31,14042.13
1,H-2-IAd,KEEYRAPTVRP,2,EYRAPTVRP,0.750,0,T_0_1_sample_27,0.000564,88.12,NA,0.080052,90.03,21028.48
2,H-2-IAd,EEYRAPTVRP,1,EYRAPTVRP,0.940,0,T_0_1_sample_27,1.3e-05,99.59,NA,0.045844,95.93,30447.41
1,H-2-IAd,KEEYRAPTVR,1,EEYRAPTVR,0.510,0,T_0_1_sample_27,3e-06,99.91,NA,0.042224,96.25,31663.63
1,H-2-IAd,KEEYRAPTV,0,KEEYRAPTV,1.000,0,T_0_1_sample_27,1e-06,99.97,NA,0.028498,97.47,36733.2
3,H-2-IAd,EYRAPTVRP,0,EYRAPTVRP,1.000,0,T_0_1_sample_27,0.0,100.00,NA,0.019185,98.30,40627.51
5,H-2-IAd,RAPTVRPLP,0,RAPTVRPLP,1.000,0,T_0_1_sample_27,0.0,100.00,NA,0.013270,98.82,43312.63
2,H-2-IAd,EEYRAPTVR,0,EEYRAPTVR,1.000,0,T_0_1_sample_27,0.0,100.00,NA,0.012477,98.89,43685.88
2,H-2-IAd,VEYRAPQPVPLP,2,YRAPQPVPL,1.000,0,T_0_1_sample_28,0.042396,28.53,NA,0.231206,47.14,4097.7
1,H-2-IAd,KVEYRAPQPVPLP,3,YRAPQPVPL,0.950,0,T_0_1_sample_28,0.115358,14.49,NA,0.197501,56.86,5900.91
3,H-2-IAd,EYRAPQPVPLP,1,YRAPQPVPL,1.000,0,T_0_1_sample_28,0.00685,58.82,NA,0.186202,60.18,6668.26
3,H-2-IAd,EYRAPQPVPL,1,YRAPQPVPL,1.000,0,T_0_1_sample_28,0.000866,84.44,NA,0.139185,74.03,11090.31
4,H-2-IAd,YRAPQPVPL,0,YRAPQPVPL,1.000,0,T_0_1_sample_28,1e-05,99.69,NA,0.095495,86.17,17792.7
1,H-2-IAd,KVEYRAPQPVP,1,VEYRAPQPV,0.920,0,T_0_1_sample_28,0.00093,83.86,NA,0.087199,88.25,19463.67
1,H-2-IAd,KVEYRAPQPV,1,VEYRAPQPV,0.960,0,T_0_1_sample_28,4.1e-05,98.72,NA,0.071668,91.79,23025.24
2,H-2-IAd,VEYRAPQPV,0,VEYRAPQPV,1.000,0,T_0_1_sample_28,1e-06,99.97,NA,0.042973,96.19,31408.07
5,H-2-IAd,RAPQPVPLP,0,RAPQPVPLP,1.000,0,T_0_1_sample_28,0.0,100.00,NA,0.019834,98.24,40343.23
1,H-2-IAd,KVEYRAPQP,0,KVEYRAPQP,1.000,0,T_0_1_sample_28,0.0,100.00,NA,0.018275,98.38,41029.5
3,H-2-IAd,EYRAPQPVP,0,EYRAPQPVP,1.000,0,T_0_1_sample_28,0.0,100.00,NA,0.004948,99.56,47393.57
2,H-2-IAd,VEYRAPTPVPLP,2,YRAPTPVPL,0.960,0,T_0_1_sample_29,0.04055,29.26,NA,0.244817,43.42,3536.57
1,H-2-IAd,KVEYRAPTPVPLP,3,YRAPTPVPL,0.900,0,T_0_1_sample_29,0.117955,14.22,NA,0.219318,50.45,4660.16
3,H-2-IAd,EYRAPTPVPLP,1,YRAPTPVPL,0.980,0,T_0_1_sample_29,0.006272,60.11,NA,0.198398,56.59,5843.91
3,H-2-IAd,EYRAPTPVPL,1,YRAPTPVPL,0.990,0,T_0_1_sample_29,0.000727,86.00,NA,0.148666,71.26,10009.05
4,H-2-IAd,YRAPTPVPL,0,YRAPTPVPL,1.000,0,T_0_1_sample_29,8e-06,99.75,NA,0.106018,83.41,15877.96
1,H-2-IAd,KVEYRAPTPVP,1,VEYRAPTPV,0.520,0,T_0_1_sample_29,0.000565,88.10,NA,0.097169,85.76,17473.34
1,H-2-IAd,KVEYRAPTPV,1,VEYRAPTPV,0.910,0,T_0_1_sample_29,2.3e-05,99.28,NA,0.071888,91.74,22970.51
2,H-2-IAd,VEYRAPTPVP,1,EYRAPTPVP,0.710,0,T_0_1_sample_29,9e-06,99.72,NA,0.063449,93.51,25166.62
2,H-2-IAd,VEYRAPTPV,0,VEYRAPTPV,1.000,0,T_0_1_sample_29,1e-06,99.97,NA,0.043541,96.13,31215.63
5,H-2-IAd,RAPTPVPLP,0,RAPTPVPLP,1.000,0,T_0_1_sample_29,0.0,100.00,NA,0.021283,98.11,39715.65
1,H-2-IAd,KVEYRAPTP,0,KVEYRAPTP,1.000,0,T_0_1_sample_29,0.0,100.00,NA,0.019656,98.26,40421.0
3,H-2-IAd,EYRAPTPVP,0,EYRAPTPVP,1.000,0,T_0_1_sample_29,0.0,100.00,NA,0.011417,98.99,44189.8
2,H-2-IAd,EEYVAPQPVPLP,2,YVAPQPVPL,0.640,0,T_0_1_sample_30,0.066821,21.70,NA,0.273315,36.20,2598.19
1,H-2-IAd,KEEYVAPQPVPL,1,EEYVAPQPV,0.940,0,T_0_1_sample_30,0.408541,3.29,NA,0.273038,36.27,2605.99
1,H-2-IAd,KEEYVAPQPVPLP,1,EEYVAPQPV,0.880,0,T_0_1_sample_30,0.53523,1.87,NA,0.249640,42.19,3356.75
3,H-2-IAd,EYVAPQPVPLP,1,YVAPQPVPL,0.950,0,T_0_1_sample_30,0.005913,61.10,NA,0.219471,50.41,4652.46
1,H-2-IAd,KEEYVAPQPVP,1,EEYVAPQPV,1.000,0,T_0_1_sample_30,0.342503,4.37,NA,0.162531,67.11,8614.73
3,H-2-IAd,EYVAPQPVPL,1,YVAPQPVPL,1.000,0,T_0_1_sample_30,0.000678,86.64,NA,0.154678,69.48,9378.7
1,H-2-IAd,KEEYVAPQPV,1,EEYVAPQPV,1.000,0,T_0_1_sample_30,0.074496,20.07,NA,0.137427,74.54,11303.29
4,H-2-IAd,YVAPQPVPL,0,YVAPQPVPL,1.000,0,T_0_1_sample_30,6e-06,99.81,NA,0.111830,81.82,14910.23
2,H-2-IAd,EEYVAPQPV,0,EEYVAPQPV,1.000,0,T_0_1_sample_30,0.000492,89.05,NA,0.074356,91.23,22365.23
5,H-2-IAd,VAPQPVPLP,0,VAPQPVPLP,1.000,0,T_0_1_sample_30,0.0,100.00,NA,0.035106,96.88,34198.57
1,H-2-IAd,KEEYVAPQP,0,KEEYVAPQP,1.000,0,T_0_1_sample_30,0.0,100.00,NA,0.020517,98.18,40046.2
3,H-2-IAd,EYVAPQPVP,0,EYVAPQPVP,1.000,0,T_0_1_sample_30,0.0,100.00,NA,0.005886,99.48,46915.01
2,H-2-IAd,VEYRAPVPVPLP,2,YRAPVPVPL,0.870,0,T_0_1_sample_31,0.044827,27.62,NA,0.293757,31.44,2082.64
1,H-2-IAd,KVEYRAPVPVPLP,3,YRAPVPVPL,0.810,0,T_0_1_sample_31,0.122045,13.81,NA,0.266912,37.79,2784.57
3,H-2-IAd,EYRAPVPVPLP,1,YRAPVPVPL,0.910,0,T_0_1_sample_31,0.008565,55.07,NA,0.233805,46.43,3984.07
3,H-2-IAd,EYRAPVPVPL,1,YRAPVPVPL,0.980,0,T_0_1_sample_31,0.000859,84.50,NA,0.165585,66.19,8334.72
1,H-2-IAd,KVEYRAPVPVP,2,EYRAPVPVP,0.550,0,T_0_1_sample_31,0.001725,77.54,NA,0.151308,70.48,9726.99
1,H-2-IAd,KVEYRAPVPV,1,VEYRAPVPV,0.940,0,T_0_1_sample_31,2.6e-05,99.19,NA,0.115537,80.81,14324.03
4,H-2-IAd,YRAPVPVPL,0,YRAPVPVPL,1.000,0,T_0_1_sample_31,1.4e-05,99.56,NA,0.115195,80.91,14377.13
2,H-2-IAd,VEYRAPVPVP,1,EYRAPVPVP,0.720,0,T_0_1_sample_31,5.9e-05,98.16,NA,0.099126,85.27,17107.24
2,H-2-IAd,VEYRAPVPV,0,VEYRAPVPV,1.000,0,T_0_1_sample_31,1e-06,99.97,NA,0.068781,92.39,23755.82
5,H-2-IAd,RAPVPVPLP,0,RAPVPVPLP,1.000,0,T_0_1_sample_31,0.0,100.00,NA,0.040986,96.36,32090.61
1,H-2-IAd,KVEYRAPVP,0,KVEYRAPVP,1.000,0,T_0_1_sample_31,0.0,100.00,NA,0.030001,97.34,36140.68
3,H-2-IAd,EYRAPVPVP,0,EYRAPVPVP,1.000,0,T_0_1_sample_31,0.0,100.00,NA,0.017548,98.44,41353.51
2,H-2-IAd,VEYRAPTVRPLP,2,YRAPTVRPL,0.920,0,T_0_1_sample_32,0.052888,25.06,NA,0.245538,43.23,3509.09
1,H-2-IAd,KVEYRAPTVRPLP,3,YRAPTVRPL,0.850,0,T_0_1_sample_32,0.144747,11.94,NA,0.216563,51.26,4801.17
3,H-2-IAd,EYRAPTVRPLP,1,YRAPTVRPL,1.000,0,T_0_1_sample_32,0.009713,53.16,NA,0.191424,58.65,6301.94
3,H-2-IAd,EYRAPTVRPL,1,YRAPTVRPL,1.000,0,T_0_1_sample_32,0.000733,85.92,NA,0.163620,66.78,8513.82
1,H-2-IAd,KVEYRAPTVRP,2,EYRAPTVRP,0.750,0,T_0_1_sample_32,0.000409,90.19,NA,0.122392,78.88,13300.06
4,H-2-IAd,YRAPTVRPL,0,YRAPTVRPL,1.000,0,T_0_1_sample_32,1.5e-05,99.53,NA,0.117374,80.31,14042.13
1,H-2-IAd,KVEYRAPTVR,0,KVEYRAPTV,0.450,0,T_0_1_sample_32,6e-06,99.81,NA,0.085009,88.80,19930.37
2,H-2-IAd,VEYRAPTVRP,1,EYRAPTVRP,0.880,0,T_0_1_sample_32,8e-06,99.75,NA,0.074778,91.14,22263.34
1,H-2-IAd,KVEYRAPTV,0,KVEYRAPTV,1.000,0,T_0_1_sample_32,1e-06,99.97,NA,0.042075,96.26,31714.72
2,H-2-IAd,VEYRAPTVR,0,VEYRAPTVR,1.000,0,T_0_1_sample_32,0.0,100.00,NA,0.041535,96.31,31900.55
3,H-2-IAd,EYRAPTVRP,0,EYRAPTVRP,1.000,0,T_0_1_sample_32,0.0,100.00,NA,0.019185,98.30,40627.51
5,H-2-IAd,RAPTVRPLP,0,RAPTVRPLP,1.000,0,T_0_1_sample_32,0.0,100.00,NA,0.013270,98.82,43312.63
2,H-2-IAd,VEYRAPQPVPLP,2,YRAPQPVPL,1.000,0,T_0_1_sample_33,0.042396,28.53,NA,0.231206,47.14,4097.7
1,H-2-IAd,KVEYRAPQPVPLP,3,YRAPQPVPL,0.950,0,T_0_1_sample_33,0.115358,14.49,NA,0.197501,56.86,5900.91
3,H-2-IAd,EYRAPQPVPLP,1,YRAPQPVPL,1.000,0,T_0_1_sample_33,0.00685,58.82,NA,0.186202,60.18,6668.26
3,H-2-IAd,EYRAPQPVPL,1,YRAPQPVPL,1.000,0,T_0_1_sample_33,0.000866,84.44,NA,0.139185,74.03,11090.31
4,H-2-IAd,YRAPQPVPL,0,YRAPQPVPL,1.000,0,T_0_1_sample_33,1e-05,99.69,NA,0.095495,86.17,17792.7
1,H-2-IAd,KVEYRAPQPVP,1,VEYRAPQPV,0.920,0,T_0_1_sample_33,0.00093,83.86,NA,0.087199,88.25,19463.67
1,H-2-IAd,KVEYRAPQPV,1,VEYRAPQPV,0.960,0,T_0_1_sample_33,4.1e-05,98.72,NA,0.071668,91.79,23025.24
2,H-2-IAd,VEYRAPQPV,0,VEYRAPQPV,1.000,0,T_0_1_sample_33,1e-06,99.97,NA,0.042973,96.19,31408.07
5,H-2-IAd,RAPQPVPLP,0,RAPQPVPLP,1.000,0,T_0_1_sample_33,0.0,100.00,NA,0.019834,98.24,40343.23
1,H-2-IAd,KVEYRAPQP,0,KVEYRAPQP,1.000,0,T_0_1_sample_33,0.0,100.00,NA,0.018275,98.38,41029.5
3,H-2-IAd,EYRAPQPVP,0,EYRAPQPVP,1.000,0,T_0_1_sample_33,0.0,100.00,NA,0.004948,99.56,47393.57
2,H-2-IAd,VEYRAPVPRPLP,2,YRAPVPRPL,0.900,0,T_0_1_sample_34,0.04582,27.27,NA,0.210517,53.03,5125.75
1,H-2-IAd,KVEYRAPVPRPLP,3,YRAPVPRPL,0.800,0,T_0_1_sample_34,0.109604,15.11,NA,0.181984,61.40,6979.63
3,H-2-IAd,EYRAPVPRPLP,1,YRAPVPRPL,1.000,0,T_0_1_sample_34,0.011222,50.68,NA,0.152241,70.21,9629.29
3,H-2-IAd,EYRAPVPRPL,1,YRAPVPRPL,0.990,0,T_0_1_sample_34,0.00137,79.92,NA,0.118213,80.08,13915.24
1,H-2-IAd,KVEYRAPVPRP,2,EYRAPVPRP,0.770,0,T_0_1_sample_34,0.000792,85.16,NA,0.111823,81.83,14911.35
1,H-2-IAd,KVEYRAPVPR,1,VEYRAPVPR,0.800,0,T_0_1_sample_34,4e-06,99.88,NA,0.087462,88.19,19408.35
4,H-2-IAd,YRAPVPRPL,0,YRAPVPRPL,1.000,0,T_0_1_sample_34,7e-06,99.78,NA,0.081355,89.71,20734.11
2,H-2-IAd,VEYRAPVPRP,1,EYRAPVPRP,0.840,0,T_0_1_sample_34,2.5e-05,99.22,NA,0.074083,91.28,22431.4
2,H-2-IAd,VEYRAPVPR,0,VEYRAPVPR,1.000,0,T_0_1_sample_34,0.0,100.00,NA,0.055288,95.09,27489.91
1,H-2-IAd,KVEYRAPVP,0,KVEYRAPVP,1.000,0,T_0_1_sample_34,0.0,100.00,NA,0.030001,97.34,36140.68
3,H-2-IAd,EYRAPVPRP,0,EYRAPVPRP,1.000,0,T_0_1_sample_34,0.0,100.00,NA,0.013777,98.78,43075.69
5,H-2-IAd,RAPVPRPLP,0,RAPVPRPLP,1.000,0,T_0_1_sample_34,0.0,100.00,NA,0.012500,98.89,43675.0
2,H-2-IAd,VEYRAPQPVPLP,2,YRAPQPVPL,1.000,0,T_0_1_sample_35,0.042396,28.53,NA,0.231206,47.14,4097.7
1,H-2-IAd,KVEYRAPQPVPLP,3,YRAPQPVPL,0.950,0,T_0_1_sample_35,0.115358,14.49,NA,0.197501,56.86,5900.91
3,H-2-IAd,EYRAPQPVPLP,1,YRAPQPVPL,1.000,0,T_0_1_sample_35,0.00685,58.82,NA,0.186202,60.18,6668.26
3,H-2-IAd,EYRAPQPVPL,1,YRAPQPVPL,1.000,0,T_0_1_sample_35,0.000866,84.44,NA,0.139185,74.03,11090.31
4,H-2-IAd,YRAPQPVPL,0,YRAPQPVPL,1.000,0,T_0_1_sample_35,1e-05,99.69,NA,0.095495,86.17,17792.7
1,H-2-IAd,KVEYRAPQPVP,1,VEYRAPQPV,0.920,0,T_0_1_sample_35,0.00093,83.86,NA,0.087199,88.25,19463.67
1,H-2-IAd,KVEYRAPQPV,1,VEYRAPQPV,0.960,0,T_0_1_sample_35,4.1e-05,98.72,NA,0.071668,91.79,23025.24
2,H-2-IAd,VEYRAPQPV,0,VEYRAPQPV,1.000,0,T_0_1_sample_35,1e-06,99.97,NA,0.042973,96.19,31408.07
5,H-2-IAd,RAPQPVPLP,0,RAPQPVPLP,1.000,0,T_0_1_sample_35,0.0,100.00,NA,0.019834,98.24,40343.23
1,H-2-IAd,KVEYRAPQP,0,KVEYRAPQP,1.000,0,T_0_1_sample_35,0.0,100.00,NA,0.018275,98.38,41029.5
3,H-2-IAd,EYRAPQPVP,0,EYRAPQPVP,1.000,0,T_0_1_sample_35,0.0,100.00,NA,0.004948,99.56,47393.57
2,H-2-IAd,VEYRAPQVVPLP,2,YRAPQVVPL,1.000,0,T_0_1_sample_36,0.065994,21.89,NA,0.308542,28.32,1774.76
1,H-2-IAd,KVEYRAPQVVPLP,3,YRAPQVVPL,0.990,0,T_0_1_sample_36,0.168117,10.34,NA,0.273746,36.10,2586.1
3,H-2-IAd,EYRAPQVVPLP,1,YRAPQVVPL,0.990,0,T_0_1_sample_36,0.013573,47.43,NA,0.254116,41.03,3198.06
3,H-2-IAd,EYRAPQVVPL,1,YRAPQVVPL,1.000,0,T_0_1_sample_36,0.000791,85.17,NA,0.196792,57.07,5946.35
4,H-2-IAd,YRAPQVVPL,0,YRAPQVVPL,1.000,0,T_0_1_sample_36,2e-05,99.38,NA,0.134868,75.28,11620.62
1,H-2-IAd,KVEYRAPQVVP,1,VEYRAPQVV,0.780,0,T_0_1_sample_36,0.000777,85.35,NA,0.124190,78.36,13043.83
1,H-2-IAd,KVEYRAPQVV,1,VEYRAPQVV,0.770,0,T_0_1_sample_36,2.8e-05,99.12,NA,0.098984,85.30,17133.54
1,H-2-IAd,KVEYRAPQV,0,KVEYRAPQV,1.000,0,T_0_1_sample_36,0.0,100.00,NA,0.048500,95.69,29584.89
2,H-2-IAd,VEYRAPQVV,0,VEYRAPQVV,1.000,0,T_0_1_sample_36,0.0,100.00,NA,0.047466,95.79,29917.74
5,H-2-IAd,RAPQVVPLP,0,RAPQVVPLP,1.000,0,T_0_1_sample_36,0.0,100.00,NA,0.031302,97.22,35635.51
3,H-2-IAd,EYRAPQVVP,0,EYRAPQVVP,1.000,0,T_0_1_sample_36,0.0,100.00,NA,0.010850,99.04,44461.71
2,H-2-IAd,VEYRAPQPVPLP,2,YRAPQPVPL,1.000,0,T_0_1_sample_37,0.042396,28.53,NA,0.231206,47.14,4097.7
1,H-2-IAd,KVEYRAPQPVPLP,3,YRAPQPVPL,0.950,0,T_0_1_sample_37,0.115358,14.49,NA,0.197501,56.86,5900.91
3,H-2-IAd,EYRAPQPVPLP,1,YRAPQPVPL,1.000,0,T_0_1_sample_37,0.00685,58.82,NA,0.186202,60.18,6668.26
3,H-2-IAd,EYRAPQPVPL,1,YRAPQPVPL,1.000,0,T_0_1_sample_37,0.000866,84.44,NA,0.139185,74.03,11090.31
4,H-2-IAd,YRAPQPVPL,0,YRAPQPVPL,1.000,0,T_0_1_sample_37,1e-05,99.69,NA,0.095495,86.17,17792.7
1,H-2-IAd,KVEYRAPQPVP,1,VEYRAPQPV,0.920,0,T_0_1_sample_37,0.00093,83.86,NA,0.087199,88.25,19463.67
1,H-2-IAd,KVEYRAPQPV,1,VEYRAPQPV,0.960,0,T_0_1_sample_37,4.1e-05,98.72,NA,0.071668,91.79,23025.24
2,H-2-IAd,VEYRAPQPV,0,VEYRAPQPV,1.000,0,T_0_1_sample_37,1e-06,99.97,NA,0.042973,96.19,31408.07
5,H-2-IAd,RAPQPVPLP,0,RAPQPVPLP,1.000,0,T_0_1_sample_37,0.0,100.00,NA,0.019834,98.24,40343.23
1,H-2-IAd,KVEYRAPQP,0,KVEYRAPQP,1.000,0,T_0_1_sample_37,0.0,100.00,NA,0.018275,98.38,41029.5
3,H-2-IAd,EYRAPQPVP,0,EYRAPQPVP,1.000,0,T_0_1_sample_37,0.0,100.00,NA,0.004948,99.56,47393.57
1,H-2-IAd,KEKYVAPTPVPL,1,EKYVAPTPV,0.940,0,T_0_1_sample_38,0.276994,5.87,NA,0.314618,27.13,1661.84
2,H-2-IAd,EKYVAPTPVPLP,2,YVAPTPVPL,0.680,0,T_0_1_sample_38,0.04987,25.93,NA,0.305341,28.96,1837.31
1,H-2-IAd,KEKYVAPTPVPLP,1,EKYVAPTPV,0.830,0,T_0_1_sample_38,0.404556,3.34,NA,0.279322,34.71,2434.69
2,H-2-IAd,EKYVAPTPVPL,2,YVAPTPVPL,0.640,0,T_0_1_sample_38,0.008595,55.00,NA,0.247826,42.64,3423.29
1,H-2-IAd,KEKYVAPTPVP,1,EKYVAPTPV,1.000,0,T_0_1_sample_38,0.221722,7.67,NA,0.191425,58.65,6301.88
3,H-2-IAd,KYVAPTPVPL,1,YVAPTPVPL,1.000,0,T_0_1_sample_38,0.000716,86.14,NA,0.190863,58.81,6340.31
1,H-2-IAd,KEKYVAPTPV,1,EKYVAPTPV,1.000,0,T_0_1_sample_38,0.044987,27.57,NA,0.150947,70.59,9765.05
4,H-2-IAd,YVAPTPVPL,0,YVAPTPVPL,1.000,0,T_0_1_sample_38,5e-06,99.84,NA,0.132361,76.01,11940.15
2,H-2-IAd,EKYVAPTPV,0,EKYVAPTPV,1.000,0,T_0_1_sample_38,0.000129,95.97,NA,0.084517,88.92,20036.74
5,H-2-IAd,VAPTPVPLP,0,VAPTPVPLP,1.000,0,T_0_1_sample_38,0.0,100.00,NA,0.037596,96.66,33289.52
3,H-2-IAd,KYVAPTPVP,0,KYVAPTPVP,1.000,0,T_0_1_sample_38,0.0,100.00,NA,0.022067,98.04,39380.19
1,H-2-IAd,KEKYVAPTP,0,KEKYVAPTP,1.000,0,T_0_1_sample_38,0.0,100.00,NA,0.021271,98.11,39720.82
2,H-2-IAd,VEYRAPQPVPLP,2,YRAPQPVPL,1.000,0,T_0_1_sample_39,0.042396,28.53,NA,0.231206,47.14,4097.7
1,H-2-IAd,KVEYRAPQPVPLP,3,YRAPQPVPL,0.950,0,T_0_1_sample_39,0.115358,14.49,NA,0.197501,56.86,5900.91
3,H-2-IAd,EYRAPQPVPLP,1,YRAPQPVPL,1.000,0,T_0_1_sample_39,0.00685,58.82,NA,0.186202,60.18,6668.26
3,H-2-IAd,EYRAPQPVPL,1,YRAPQPVPL,1.000,0,T_0_1_sample_39,0.000866,84.44,NA,0.139185,74.03,11090.31
4,H-2-IAd,YRAPQPVPL,0,YRAPQPVPL,1.000,0,T_0_1_sample_39,1e-05,99.69,NA,0.095495,86.17,17792.7
1,H-2-IAd,KVEYRAPQPVP,1,VEYRAPQPV,0.920,0,T_0_1_sample_39,0.00093,83.86,NA,0.087199,88.25,19463.67
1,H-2-IAd,KVEYRAPQPV,1,VEYRAPQPV,0.960,0,T_0_1_sample_39,4.1e-05,98.72,NA,0.071668,91.79,23025.24
2,H-2-IAd,VEYRAPQPV,0,VEYRAPQPV,1.000,0,T_0_1_sample_39,1e-06,99.97,NA,0.042973,96.19,31408.07
5,H-2-IAd,RAPQPVPLP,0,RAPQPVPLP,1.000,0,T_0_1_sample_39,0.0,100.00,NA,0.019834,98.24,40343.23
1,H-2-IAd,KVEYRAPQP,0,KVEYRAPQP,1.000,0,T_0_1_sample_39,0.0,100.00,NA,0.018275,98.38,41029.5
3,H-2-IAd,EYRAPQPVP,0,EYRAPQPVP,1.000,0,T_0_1_sample_39,0.0,100.00,NA,0.004948,99.56,47393.57
2,H-2-IAd,EEYRAPQPVPLP,2,YRAPQPVPL,1.000,0,T_0_1_sample_40,0.053205,24.97,NA,0.214908,51.74,4887.92
1,H-2-IAd,KEEYRAPQPVPLP,3,YRAPQPVPL,0.970,0,T_0_1_sample_40,0.138509,12.41,NA,0.179504,62.12,7169.45
2,H-2-IAd,EEYRAPQPVPL,2,YRAPQPVPL,1.000,0,T_0_1_sample_40,0.008484,55.25,NA,0.167306,65.67,8180.96
3,H-2-IAd,EYRAPQPVPL,1,YRAPQPVPL,1.000,0,T_0_1_sample_40,0.000866,84.44,NA,0.139185,74.03,11090.31
4,H-2-IAd,YRAPQPVPL,0,YRAPQPVPL,1.000,0,T_0_1_sample_40,1e-05,99.69,NA,0.095495,86.17,17792.7
1,H-2-IAd,KEEYRAPQPVP,1,EEYRAPQPV,0.880,0,T_0_1_sample_40,0.000811,84.94,NA,0.045164,95.99,30672.26
1,H-2-IAd,KEEYRAPQPV,1,EEYRAPQPV,0.960,0,T_0_1_sample_40,3.3e-05,98.97,NA,0.036821,96.73,33569.83
5,H-2-IAd,RAPQPVPLP,0,RAPQPVPLP,1.000,0,T_0_1_sample_40,0.0,100.00,NA,0.019834,98.24,40343.23
2,H-2-IAd,EEYRAPQPV,0,EEYRAPQPV,1.000,0,T_0_1_sample_40,0.0,100.00,NA,0.017475,98.45,41386.19
1,H-2-IAd,KEEYRAPQP,0,KEEYRAPQP,1.000,0,T_0_1_sample_40,0.0,100.00,NA,0.012395,98.90,43724.63
3,H-2-IAd,EYRAPQPVP,0,EYRAPQPVP,1.000,0,T_0_1_sample_40,0.0,100.00,NA,0.004948,99.56,47393.57
2,H-2-IAd,VEYRSPTPVPLP,2,YRSPTPVPL,0.990,0,T_0_1_sample_41,0.024101,37.74,NA,0.229164,47.73,4189.24
1,H-2-IAd,KVEYRSPTPVPLP,3,YRSPTPVPL,0.960,0,T_0_1_sample_41,0.09335,17.15,NA,0.196899,57.03,5939.47
3,H-2-IAd,EYRSPTPVPLP,1,YRSPTPVPL,0.990,0,T_0_1_sample_41,0.003292,69.38,NA,0.184041,60.81,6826.01
3,H-2-IAd,EYRSPTPVPL,1,YRSPTPVPL,1.000,0,T_0_1_sample_41,0.000423,89.95,NA,0.144095,72.59,10516.52
4,H-2-IAd,YRSPTPVPL,0,YRSPTPVPL,1.000,0,T_0_1_sample_41,7e-06,99.78,NA,0.099911,85.07,16962.56
1,H-2-IAd,KVEYRSPTPVP,1,VEYRSPTPV,0.680,0,T_0_1_sample_41,0.000197,94.29,NA,0.071627,91.80,23035.46
1,H-2-IAd,KVEYRSPTPV,1,VEYRSPTPV,0.960,0,T_0_1_sample_41,1.1e-05,99.66,NA,0.052766,95.32,28250.36
2,H-2-IAd,VEYRSPTPVP,1,EYRSPTPVP,0.650,0,T_0_1_sample_41,2e-06,99.94,NA,0.047759,95.76,29823.04
2,H-2-IAd,VEYRSPTPV,0,VEYRSPTPV,1.000,0,T_0_1_sample_41,0.0,100.00,NA,0.032169,97.14,35302.78
5,H-2-IAd,RSPTPVPLP,0,RSPTPVPLP,1.000,0,T_0_1_sample_41,0.0,100.00,NA,0.018366,98.37,40989.14
1,H-2-IAd,KVEYRSPTP,0,KVEYRSPTP,1.000,0,T_0_1_sample_41,0.0,100.00,NA,0.011542,98.98,44130.05
3,H-2-IAd,EYRSPTPVP,0,EYRSPTPVP,1.000,0,T_0_1_sample_41,0.0,100.00,NA,0.009260,99.18,45233.22
2,H-2-IAd,VEYKAPQVVPLP,2,YKAPQVVPL,0.980,0,T_0_1_sample_42,0.085766,18.17,NA,0.303852,29.26,1867.15
1,H-2-IAd,KVEYKAPQVVPLP,3,YKAPQVVPL,0.930,0,T_0_1_sample_42,0.208415,8.25,NA,0.269971,37.01,2693.92
3,H-2-IAd,EYKAPQVVPLP,1,YKAPQVVPL,0.960,0,T_0_1_sample_42,0.017539,43.05,NA,0.245157,43.33,3523.58
3,H-2-IAd,EYKAPQVVPL,1,YKAPQVVPL,1.000,0,T_0_1_sample_42,0.001179,81.62,NA,0.187324,59.86,6587.8
1,H-2-IAd,KVEYKAPQVVP,1,VEYKAPQVV,0.900,0,T_0_1_sample_42,0.006371,59.87,NA,0.126059,77.82,12782.7
4,H-2-IAd,YKAPQVVPL,0,YKAPQVVPL,1.000,0,T_0_1_sample_42,3e-05,99.06,NA,0.125552,77.97,12853.01
1,H-2-IAd,KVEYKAPQVV,1,VEYKAPQVV,0.880,0,T_0_1_sample_42,0.00019,94.42,NA,0.095716,86.12,17750.21
2,H-2-IAd,VEYKAPQVV,0,VEYKAPQVV,1.000,0,T_0_1_sample_42,1e-06,99.97,NA,0.048804,95.67,29487.74
1,H-2-IAd,KVEYKAPQV,0,KVEYKAPQV,1.000,0,T_0_1_sample_42,1e-06,99.97,NA,0.042283,96.25,31643.42
5,H-2-IAd,KAPQVVPLP,0,KAPQVVPLP,1.000,0,T_0_1_sample_42,0.0,100.00,NA,0.025901,97.70,37780.0
3,H-2-IAd,EYKAPQVVP,0,EYKAPQVVP,1.000,0,T_0_1_sample_42,0.0,100.00,NA,0.009700,99.14,45018.39
2,H-2-IAd,VEYRDPQPVPLP,2,YRDPQPVPL,0.990,0,T_0_1_sample_43,0.014897,45.82,NA,0.129936,76.71,12257.58
1,H-2-IAd,KVEYRDPQPVPLP,3,YRDPQPVPL,0.900,0,T_0_1_sample_43,0.041732,28.79,NA,0.110769,82.11,15082.37
3,H-2-IAd,EYRDPQPVPLP,1,YRDPQPVPL,0.980,0,T_0_1_sample_43,0.003476,68.72,NA,0.096323,85.97,17634.01
3,H-2-IAd,EYRDPQPVPL,1,YRDPQPVPL,1.000,0,T_0_1_sample_43,0.000295,92.39,NA,0.071044,91.92,23181.23
4,H-2-IAd,YRDPQPVPL,0,YRDPQPVPL,1.000,0,T_0_1_sample_43,5e-06,99.84,NA,0.047721,95.76,29835.29
1,H-2-IAd,KVEYRDPQPVP,1,VEYRDPQPV,0.980,0,T_0_1_sample_43,0.000291,92.47,NA,0.047267,95.80,29982.21
1,H-2-IAd,KVEYRDPQPV,1,VEYRDPQPV,0.980,0,T_0_1_sample_43,1.4e-05,99.56,NA,0.038587,96.57,32934.49
2,H-2-IAd,VEYRDPQPV,0,VEYRDPQPV,1.000,0,T_0_1_sample_43,0.0,100.00,NA,0.023059,97.95,38959.77
5,H-2-IAd,RDPQPVPLP,0,RDPQPVPLP,1.000,0,T_0_1_sample_43,0.0,100.00,NA,0.008579,99.24,45567.74
1,H-2-IAd,KVEYRDPQP,0,KVEYRDPQP,1.000,0,T_0_1_sample_43,0.0,100.00,NA,0.004801,99.57,47469.03
3,H-2-IAd,EYRDPQPVP,0,EYRDPQPVP,1.000,0,T_0_1_sample_43,0.0,100.00,NA,0.002085,99.81,48884.68
2,H-2-IAd,EEYRDPVVRPLP,2,YRDPVVRPL,0.950,0,T_0_1_sample_44,0.037251,30.58,NA,0.145951,72.05,10307.43
1,H-2-IAd,KEEYRDPVVRPLP,3,YRDPVVRPL,0.940,0,T_0_1_sample_44,0.082795,18.65,NA,0.121015,79.28,13499.7
3,H-2-IAd,EYRDPVVRPLP,1,YRDPVVRPL,0.990,0,T_0_1_sample_44,0.003961,66.96,NA,0.118100,80.11,13932.26
3,H-2-IAd,EYRDPVVRPL,1,YRDPVVRPL,0.990,0,T_0_1_sample_44,0.000203,94.17,NA,0.093464,86.68,18188.02
4,H-2-IAd,YRDPVVRPL,0,YRDPVVRPL,1.000,0,T_0_1_sample_44,4e-06,99.88,NA,0.065035,93.18,24738.46
1,H-2-IAd,KEEYRDPVVRP,2,EYRDPVVRP,0.660,0,T_0_1_sample_44,0.000789,85.19,NA,0.050443,95.52,28969.43
2,H-2-IAd,EEYRDPVVRP,1,EYRDPVVRP,0.850,0,T_0_1_sample_44,4.5e-05,98.59,NA,0.034516,96.94,34417.59
1,H-2-IAd,KEEYRDPVVR,1,EEYRDPVVR,0.790,0,T_0_1_sample_44,5e-06,99.84,NA,0.027836,97.53,36997.24
2,H-2-IAd,EEYRDPVVR,0,EEYRDPVVR,1.000,0,T_0_1_sample_44,0.0,100.00,NA,0.014016,98.76,42964.46
3,H-2-IAd,EYRDPVVRP,0,EYRDPVVRP,1.000,0,T_0_1_sample_44,0.0,100.00,NA,0.013177,98.83,43356.26
5,H-2-IAd,RDPVVRPLP,0,RDPVVRPLP,1.000,0,T_0_1_sample_44,0.0,100.00,NA,0.010352,99.08,44701.92
1,H-2-IAd,KEEYRDPVV,0,KEEYRDPVV,1.000,0,T_0_1_sample_44,0.0,100.00,NA,0.008835,99.22,45441.7
2,H-2-IAd,VEYKAPQPRPLP,2,YKAPQPRPL,1.000,0,T_0_1_sample_45,0.041265,28.97,NA,0.140672,73.59,10913.31
1,H-2-IAd,KVEYKAPQPRPLP,3,YKAPQPRPL,0.980,0,T_0_1_sample_45,0.097347,16.60,NA,0.122799,78.76,13241.62
2,H-2-IAd,VEYKAPQPRPL,2,YKAPQPRPL,1.000,0,T_0_1_sample_45,0.009088,54.19,NA,0.118216,80.08,13914.79
3,H-2-IAd,EYKAPQPRPL,1,YKAPQPRPL,1.000,0,T_0_1_sample_45,0.001169,81.71,NA,0.081257,89.74,20756.11
1,H-2-IAd,KVEYKAPQPRP,1,VEYKAPQPR,0.890,0,T_0_1_sample_45,0.001229,81.16,NA,0.070565,92.02,23301.68
1,H-2-IAd,KVEYKAPQPR,1,VEYKAPQPR,0.890,0,T_0_1_sample_45,0.000267,92.93,NA,0.057830,94.68,26744.14
4,H-2-IAd,YKAPQPRPL,0,YKAPQPRPL,1.000,0,T_0_1_sample_45,4e-06,99.88,NA,0.052838,95.31,28228.36
2,H-2-IAd,VEYKAPQPR,0,VEYKAPQPR,1.000,0,T_0_1_sample_45,1e-06,99.97,NA,0.031297,97.22,35637.44
1,H-2-IAd,KVEYKAPQP,0,KVEYKAPQP,1.000,0,T_0_1_sample_45,0.0,100.00,NA,0.017947,98.41,41175.37
5,H-2-IAd,KAPQPRPLP,0,KAPQPRPLP,1.000,0,T_0_1_sample_45,0.0,100.00,NA,0.005276,99.53,47225.67
3,H-2-IAd,EYKAPQPRP,0,EYKAPQPRP,1.000,0,T_0_1_sample_45,0.0,100.00,NA,0.004434,99.61,47657.89
2,H-2-IAd,VEYRAPTPVPLP,2,YRAPTPVPL,0.960,0,T_0_1_sample_46,0.04055,29.26,NA,0.244817,43.42,3536.57
1,H-2-IAd,KVEYRAPTPVPLP,3,YRAPTPVPL,0.900,0,T_0_1_sample_46,0.117955,14.22,NA,0.219318,50.45,4660.16
3,H-2-IAd,EYRAPTPVPLP,1,YRAPTPVPL,0.980,0,T_0_1_sample_46,0.006272,60.11,NA,0.198398,56.59,5843.91
3,H-2-IAd,EYRAPTPVPL,1,YRAPTPVPL,0.990,0,T_0_1_sample_46,0.000727,86.00,NA,0.148666,71.26,10009.05
4,H-2-IAd,YRAPTPVPL,0,YRAPTPVPL,1.000,0,T_0_1_sample_46,8e-06,99.75,NA,0.106018,83.41,15877.96
1,H-2-IAd,KVEYRAPTPVP,1,VEYRAPTPV,0.520,0,T_0_1_sample_46,0.000565,88.10,NA,0.097169,85.76,17473.34
1,H-2-IAd,KVEYRAPTPV,1,VEYRAPTPV,0.910,0,T_0_1_sample_46,2.3e-05,99.28,NA,0.071888,91.74,22970.51
2,H-2-IAd,VEYRAPTPVP,1,EYRAPTPVP,0.710,0,T_0_1_sample_46,9e-06,99.72,NA,0.063449,93.51,25166.62
2,H-2-IAd,VEYRAPTPV,0,VEYRAPTPV,1.000,0,T_0_1_sample_46,1e-06,99.97,NA,0.043541,96.13,31215.63
5,H-2-IAd,RAPTPVPLP,0,RAPTPVPLP,1.000,0,T_0_1_sample_46,0.0,100.00,NA,0.021283,98.11,39715.65
1,H-2-IAd,KVEYRAPTP,0,KVEYRAPTP,1.000,0,T_0_1_sample_46,0.0,100.00,NA,0.019656,98.26,40421.0
3,H-2-IAd,EYRAPTPVP,0,EYRAPTPVP,1.000,0,T_0_1_sample_46,0.0,100.00,NA,0.011417,98.99,44189.8
2,H-2-IAd,VEYRAPTPVPLP,2,YRAPTPVPL,0.960,0,T_0_1_sample_47,0.04055,29.26,NA,0.244817,43.42,3536.57
1,H-2-IAd,KVEYRAPTPVPLP,3,YRAPTPVPL,0.900,0,T_0_1_sample_47,0.117955,14.22,NA,0.219318,50.45,4660.16
3,H-2-IAd,EYRAPTPVPLP,1,YRAPTPVPL,0.980,0,T_0_1_sample_47,0.006272,60.11,NA,0.198398,56.59,5843.91
3,H-2-IAd,EYRAPTPVPL,1,YRAPTPVPL,0.990,0,T_0_1_sample_47,0.000727,86.00,NA,0.148666,71.26,10009.05
4,H-2-IAd,YRAPTPVPL,0,YRAPTPVPL,1.000,0,T_0_1_sample_47,8e-06,99.75,NA,0.106018,83.41,15877.96
1,H-2-IAd,KVEYRAPTPVP,1,VEYRAPTPV,0.520,0,T_0_1_sample_47,0.000565,88.10,NA,0.097169,85.76,17473.34
1,H-2-IAd,KVEYRAPTPV,1,VEYRAPTPV,0.910,0,T_0_1_sample_47,2.3e-05,99.28,NA,0.071888,91.74,22970.51
2,H-2-IAd,VEYRAPTPVP,1,EYRAPTPVP,0.710,0,T_0_1_sample_47,9e-06,99.72,NA,0.063449,93.51,25166.62
2,H-2-IAd,VEYRAPTPV,0,VEYRAPTPV,1.000,0,T_0_1_sample_47,1e-06,99.97,NA,0.043541,96.13,31215.63
5,H-2-IAd,RAPTPVPLP,0,RAPTPVPLP,1.000,0,T_0_1_sample_47,0.0,100.00,NA,0.021283,98.11,39715.65
1,H-2-IAd,KVEYRAPTP,0,KVEYRAPTP,1.000,0,T_0_1_sample_47,0.0,100.00,NA,0.019656,98.26,40421.0
3,H-2-IAd,EYRAPTPVP,0,EYRAPTPVP,1.000,0,T_0_1_sample_47,0.0,100.00,NA,0.011417,98.99,44189.8
1,H-2-IAd,KVEYVAPQPVPL,1,VEYVAPQPV,0.790,0,T_0_1_sample_48,0.216576,7.89,NA,0.369599,17.29,916.72
2,H-2-IAd,VEYVAPQPVPLP,2,YVAPQPVPL,0.690,0,T_0_1_sample_48,0.04393,27.94,NA,0.333181,23.52,1359.45
1,H-2-IAd,KVEYVAPQPVPLP,1,VEYVAPQPV,0.730,0,T_0_1_sample_48,0.341972,4.38,NA,0.331391,23.85,1386.03
2,H-2-IAd,VEYVAPQPVPL,2,YVAPQPVPL,0.600,0,T_0_1_sample_48,0.007012,58.47,NA,0.282374,33.99,2355.61
1,H-2-IAd,KVEYVAPQPVP,1,VEYVAPQPV,1.000,0,T_0_1_sample_48,0.163963,10.60,NA,0.280744,34.37,2397.52
1,H-2-IAd,KVEYVAPQPV,1,VEYVAPQPV,1.000,0,T_0_1_sample_48,0.022214,39.09,NA,0.243374,43.81,3592.22
2,H-2-IAd,VEYVAPQPV,0,VEYVAPQPV,1.000,0,T_0_1_sample_48,0.00011,96.56,NA,0.159913,67.90,8862.24
3,H-2-IAd,EYVAPQPVPL,1,YVAPQPVPL,1.000,0,T_0_1_sample_48,0.000678,86.64,NA,0.154678,69.48,9378.7
4,H-2-IAd,YVAPQPVPL,0,YVAPQPVPL,1.000,0,T_0_1_sample_48,6e-06,99.81,NA,0.111830,81.82,14910.23
1,H-2-IAd,KVEYVAPQP,0,KVEYVAPQP,1.000,0,T_0_1_sample_48,0.0,100.00,NA,0.036468,96.76,33698.29
5,H-2-IAd,VAPQPVPLP,0,VAPQPVPLP,1.000,0,T_0_1_sample_48,0.0,100.00,NA,0.035106,96.88,34198.57
3,H-2-IAd,EYVAPQPVP,0,EYVAPQPVP,1.000,0,T_0_1_sample_48,0.0,100.00,NA,0.005886,99.48,46915.01
2,H-2-IAd,VEYRSPQPRPLP,2,YRSPQPRPL,0.990,0,T_0_1_sample_49,0.025169,37.00,NA,0.123507,78.56,13140.57
1,H-2-IAd,KVEYRSPQPRPLP,3,YRSPQPRPL,0.980,0,T_0_1_sample_49,0.070493,20.90,NA,0.108963,82.61,15379.99
3,H-2-IAd,EYRSPQPRPLP,1,YRSPQPRPL,1.000,0,T_0_1_sample_49,0.003947,67.01,NA,0.090654,87.39,18749.49
3,H-2-IAd,EYRSPQPRPL,1,YRSPQPRPL,1.000,0,T_0_1_sample_49,0.000411,90.15,NA,0.073029,91.50,22688.67
1,H-2-IAd,KVEYRSPQPRP,1,VEYRSPQPR,0.840,0,T_0_1_sample_49,0.00028,92.68,NA,0.049119,95.64,29387.41
4,H-2-IAd,YRSPQPRPL,0,YRSPQPRPL,1.000,0,T_0_1_sample_49,2e-06,99.94,NA,0.048155,95.73,29695.53
1,H-2-IAd,KVEYRSPQPR,1,VEYRSPQPR,0.940,0,T_0_1_sample_49,1.9e-05,99.41,NA,0.042982,96.18,31405.01
2,H-2-IAd,VEYRSPQPR,0,VEYRSPQPR,1.000,0,T_0_1_sample_49,0.0,100.00,NA,0.024609,97.82,38311.86
1,H-2-IAd,KVEYRSPQP,0,KVEYRSPQP,1.000,0,T_0_1_sample_49,0.0,100.00,NA,0.010333,99.08,44711.12
5,H-2-IAd,RSPQPRPLP,0,RSPQPRPLP,1.000,0,T_0_1_sample_49,0.0,100.00,NA,0.004765,99.58,47487.52
3,H-2-IAd,EYRSPQPRP,0,EYRSPQPRP,1.000,0,T_0_1_sample_49,0.0,100.00,NA,0.003215,99.71,48290.62
1,H-2-IAd,KVEYVAPQPVPL,1,VEYVAPQPV,0.790,0,T_0_1_sample_50,0.216576,7.89,NA,0.369599,17.29,916.72
2,H-2-IAd,VEYVAPQPVPLP,2,YVAPQPVPL,0.690,0,T_0_1_sample_50,0.04393,27.94,NA,0.333181,23.52,1359.45
1,H-2-IAd,KVEYVAPQPVPLP,1,VEYVAPQPV,0.730,0,T_0_1_sample_50,0.341972,4.38,NA,0.331391,23.85,1386.03
2,H-2-IAd,VEYVAPQPVPL,2,YVAPQPVPL,0.600,0,T_0_1_sample_50,0.007012,58.47,NA,0.282374,33.99,2355.61
1,H-2-IAd,KVEYVAPQPVP,1,VEYVAPQPV,1.000,0,T_0_1_sample_50,0.163963,10.60,NA,0.280744,34.37,2397.52
1,H-2-IAd,KVEYVAPQPV,1,VEYVAPQPV,1.000,0,T_0_1_sample_50,0.022214,39.09,NA,0.243374,43.81,3592.22
2,H-2-IAd,VEYVAPQPV,0,VEYVAPQPV,1.000,0,T_0_1_sample_50,0.00011,96.56,NA,0.159913,67.90,8862.24
3,H-2-IAd,EYVAPQPVPL,1,YVAPQPVPL,1.000,0,T_0_1_sample_50,0.000678,86.64,NA,0.154678,69.48,9378.7
4,H-2-IAd,YVAPQPVPL,0,YVAPQPVPL,1.000,0,T_0_1_sample_50,6e-06,99.81,NA,0.111830,81.82,14910.23
1,H-2-IAd,KVEYVAPQP,0,KVEYVAPQP,1.000,0,T_0_1_sample_50,0.0,100.00,NA,0.036468,96.76,33698.29
5,H-2-IAd,VAPQPVPLP,0,VAPQPVPLP,1.000,0,T_0_1_sample_50,0.0,100.00,NA,0.035106,96.88,34198.57
3,H-2-IAd,EYVAPQPVP,0,EYVAPQPVP,1.000,0,T_0_1_sample_50,0.0,100.00,NA,0.005886,99.48,46915.01
