NHP05401|Mamu-DPA1*02:13|260|NHP05401|Mamu-DPA1*02:13|260|bp	NHP05401|Mamu-DPA1*02:13|260|NHP05401|Mamu-DPA1*02:13|260|bp
NHP05401|Mamu-DPA1*02:13|260|NHP05401|Mamu-DPA1*02:13|260|bp	NHP05402|Mamu-DPA1*02:14:01:01|260|NHP05402|Mamu-DPA1*02:14:01:01|260|bp
NHP05401|Mamu-DPA1*02:13|260|NHP05401|Mamu-DPA1*02:13|260|bp	NHP05403|Mamu-DPA1*02:15|260|NHP05403|Mamu-DPA1*02:15|260|bp
NHP05401|Mamu-DPA1*02:13|260|NHP05401|Mamu-DPA1*02:13|260|bp	NHP05408|Mamu-DPA1*02:20|260|NHP05408|Mamu-DPA1*02:20|260|bp
NHP05401|Mamu-DPA1*02:13|260|NHP05401|Mamu-DPA1*02:13|260|bp	NHP02632|Mamu-DPA1*02:08:01:01|260|NHP02632|Mamu-DPA1*02:08:01:01|260|bp
NHP05404|Mamu-DPA1*02:16|260|NHP05404|Mamu-DPA1*02:16|260|bp	NHP05404|Mamu-DPA1*02:16|260|NHP05404|Mamu-DPA1*02:16|260|bp
NHP05404|Mamu-DPA1*02:16|260|NHP05404|Mamu-DPA1*02:16|260|bp	NHP05404|Mamu-DPA1*02:16|260|NHP05404|Mamu-DPA1*02:16|260|bp|NHP05404|Mamu-DPA1*02:16|260|NHP05404|Mamu-DPA1*02:16|260|bp
NHP05404|Mamu-DPA1*02:16|260|NHP05404|Mamu-DPA1*02:16|260|bp	NHP00361|Mamu-DPA1*02:01:01:01|269|NHP00361|Mamu-DPA1*02:01:01:01|269|bp
NHP05404|Mamu-DPA1*02:16|260|NHP05404|Mamu-DPA1*02:16|260|bp	NHP01161|Mamu-DPA1*02:02:01:01|260|NHP01161|Mamu-DPA1*02:02:01:01|260|bp
NHP05404|Mamu-DPA1*02:16|260|NHP05404|Mamu-DPA1*02:16|260|bp	NHP12135|Mamu-DPA1*02:02:01:02|226|NHP12135|Mamu-DPA1*02:02:01:02|226|bp
NHP05404|Mamu-DPA1*02:16|260|NHP05404|Mamu-DPA1*02:16|260|bp	NHP03800|Mamu-DPA1*02:02:02|260|NHP03800|Mamu-DPA1*02:02:02|260|bp
NHP05404|Mamu-DPA1*02:16|260|NHP05404|Mamu-DPA1*02:16|260|bp	NHP01162|Mamu-DPA1*02:03:01:01|260|NHP01162|Mamu-DPA1*02:03:01:01|260|bp
NHP05404|Mamu-DPA1*02:16|260|NHP05404|Mamu-DPA1*02:16|260|bp	NHP01163|Mamu-DPA1*02:04:01:01|260|NHP01163|Mamu-DPA1*02:04:01:01|260|bp
NHP05404|Mamu-DPA1*02:16|260|NHP05404|Mamu-DPA1*02:16|260|bp	NHP01166|Mamu-DPA1*02:05:01:01|259|NHP01166|Mamu-DPA1*02:05:01:01|259|bp
NHP05404|Mamu-DPA1*02:16|260|NHP05404|Mamu-DPA1*02:16|260|bp	NHP01167|Mamu-DPA1*02:06|260|NHP01167|Mamu-DPA1*02:06|260|bp
NHP05404|Mamu-DPA1*02:16|260|NHP05404|Mamu-DPA1*02:16|260|bp	NHP02422|Mamu-DPA1*02:07:01:01|260|NHP02422|Mamu-DPA1*02:07:01:01|260|bp
NHP05404|Mamu-DPA1*02:16|260|NHP05404|Mamu-DPA1*02:16|260|bp	NHP05377|Mamu-DPA1*02:07:02|260|NHP05377|Mamu-DPA1*02:07:02|260|bp
NHP05404|Mamu-DPA1*02:16|260|NHP05404|Mamu-DPA1*02:16|260|bp	NHP03590|Mamu-DPA1*02:09|259|NHP03590|Mamu-DPA1*02:09|259|bp
NHP05404|Mamu-DPA1*02:16|260|NHP05404|Mamu-DPA1*02:16|260|bp	NHP05005|Mamu-DPA1*02:10|183|NHP05005|Mamu-DPA1*02:10|183|bp
NHP05404|Mamu-DPA1*02:16|260|NHP05404|Mamu-DPA1*02:16|260|bp	NHP05215|Mamu-DPA1*02:12:01:01|260|NHP05215|Mamu-DPA1*02:12:01:01|260|bp
NHP05404|Mamu-DPA1*02:16|260|NHP05404|Mamu-DPA1*02:16|260|bp	NHP05406|Mamu-DPA1*02:18|260|NHP05406|Mamu-DPA1*02:18|260|bp
NHP05404|Mamu-DPA1*02:16|260|NHP05404|Mamu-DPA1*02:16|260|bp	NHP05407|Mamu-DPA1*02:19|260|NHP05407|Mamu-DPA1*02:19|260|bp
NHP05404|Mamu-DPA1*02:16|260|NHP05404|Mamu-DPA1*02:16|260|bp	NHP05400|Mamu-DPA1*02:21|260|NHP05400|Mamu-DPA1*02:21|260|bp
NHP05405|Mamu-DPA1*02:17|260|NHP05405|Mamu-DPA1*02:17|260|bp	NHP05405|Mamu-DPA1*02:17|260|NHP05405|Mamu-DPA1*02:17|260|bp
NHP05405|Mamu-DPA1*02:17|260|NHP05405|Mamu-DPA1*02:17|260|bp	NHP05016|Mamu-DPA1*02:11|260|NHP05016|Mamu-DPA1*02:11|260|bp
NHP02633|Mamu-DPA1*04:01:01:01|260|NHP02633|Mamu-DPA1*04:01:01:01|260|bp	NHP02633|Mamu-DPA1*04:01:01:01|260|NHP02633|Mamu-DPA1*04:01:01:01|260|bp
NHP02633|Mamu-DPA1*04:01:01:01|260|NHP02633|Mamu-DPA1*04:01:01:01|260|bp	NHP12136|Mamu-DPA1*04:01:01:02|226|NHP12136|Mamu-DPA1*04:01:01:02|226|bp
NHP02633|Mamu-DPA1*04:01:01:01|260|NHP02633|Mamu-DPA1*04:01:01:01|260|bp	NHP03577|Mamu-DPA1*04:03:01:01|260|NHP03577|Mamu-DPA1*04:03:01:01|260|bp
NHP02633|Mamu-DPA1*04:01:01:01|260|NHP02633|Mamu-DPA1*04:01:01:01|260|bp	NHP05409|Mamu-DPA1*04:03:02|260|NHP05409|Mamu-DPA1*04:03:02|260|bp
NHP02633|Mamu-DPA1*04:01:01:01|260|NHP02633|Mamu-DPA1*04:01:01:01|260|bp	NHP03801|Mamu-DPA1*04:04|260|NHP03801|Mamu-DPA1*04:04|260|bp
NHP02633|Mamu-DPA1*04:01:01:01|260|NHP02633|Mamu-DPA1*04:01:01:01|260|bp	NHP05379|Mamu-DPA1*04:05|260|NHP05379|Mamu-DPA1*04:05|260|bp
NHP02633|Mamu-DPA1*04:01:01:01|260|NHP02633|Mamu-DPA1*04:01:01:01|260|bp	NHP05380|Mamu-DPA1*04:06|260|NHP05380|Mamu-DPA1*04:06|260|bp
NHP02631|Mamu-DPA1*04:02:01:01|254|NHP02631|Mamu-DPA1*04:02:01:01|254|bp	NHP02631|Mamu-DPA1*04:02:01:01|254|NHP02631|Mamu-DPA1*04:02:01:01|254|bp
NHP01164|Mamu-DPA1*06:01:01:01|259|NHP01164|Mamu-DPA1*06:01:01:01|259|bp	NHP01164|Mamu-DPA1*06:01:01:01|259|NHP01164|Mamu-DPA1*06:01:01:01|259|bp
NHP01164|Mamu-DPA1*06:01:01:01|259|NHP01164|Mamu-DPA1*06:01:01:01|259|bp	NHP05001|Mamu-DPA1*06:01:02|183|NHP05001|Mamu-DPA1*06:01:02|183|bp
NHP01164|Mamu-DPA1*06:01:01:01|259|NHP01164|Mamu-DPA1*06:01:01:01|259|bp	NHP01990|Mamu-DPA1*06:02|259|NHP01990|Mamu-DPA1*06:02|259|bp
NHP01164|Mamu-DPA1*06:01:01:01|259|NHP01164|Mamu-DPA1*06:01:01:01|259|bp	NHP04999|Mamu-DPA1*06:03|183|NHP04999|Mamu-DPA1*06:03|183|bp
NHP04997|Mamu-DPA1*07:03|260|NHP04997|Mamu-DPA1*07:03|260|bp	NHP04997|Mamu-DPA1*07:03|260|NHP04997|Mamu-DPA1*07:03|260|bp
NHP04997|Mamu-DPA1*07:03|260|NHP04997|Mamu-DPA1*07:03|260|bp	NHP05382|Mamu-DPA1*07:09|260|NHP05382|Mamu-DPA1*07:09|260|bp
NHP04997|Mamu-DPA1*07:03|260|NHP04997|Mamu-DPA1*07:03|260|bp	NHP05520|Mamu-DPA1*07:10:01:01|260|NHP05520|Mamu-DPA1*07:10:01:01|260|bp
NHP05069|Mamu-DPA1*07:04|260|NHP05069|Mamu-DPA1*07:04|260|bp	NHP05069|Mamu-DPA1*07:04|260|NHP05069|Mamu-DPA1*07:04|260|bp
NHP05069|Mamu-DPA1*07:04|260|NHP05069|Mamu-DPA1*07:04|260|bp	NHP01165|Mamu-DPA1*07:01:01:01|260|NHP01165|Mamu-DPA1*07:01:01:01|260|bp
NHP05412|Mamu-DPA1*07:06|260|NHP05412|Mamu-DPA1*07:06|260|bp	NHP05412|Mamu-DPA1*07:06|260|NHP05412|Mamu-DPA1*07:06|260|bp
NHP05412|Mamu-DPA1*07:06|260|NHP05412|Mamu-DPA1*07:06|260|bp	NHP05410|Mamu-DPA1*07:05:01:01|260|NHP05410|Mamu-DPA1*07:05:01:01|260|bp
NHP05412|Mamu-DPA1*07:06|260|NHP05412|Mamu-DPA1*07:06|260|bp	NHP05003|Mamu-DPA1*07:02:01:01|249|NHP05003|Mamu-DPA1*07:02:01:01|249|bp
NHP05412|Mamu-DPA1*07:06|260|NHP05412|Mamu-DPA1*07:06|260|bp	NHP05411|Mamu-DPA1*07:07|260|NHP05411|Mamu-DPA1*07:07|260|bp
NHP05412|Mamu-DPA1*07:06|260|NHP05412|Mamu-DPA1*07:06|260|bp	NHP05375|Mamu-DPA1*07:08|260|NHP05375|Mamu-DPA1*07:08|260|bp
NHP01989|Mamu-DPA1*08:01:01:01|260|NHP01989|Mamu-DPA1*08:01:01:01|260|bp	NHP01989|Mamu-DPA1*08:01:01:01|260|NHP01989|Mamu-DPA1*08:01:01:01|260|bp
NHP01989|Mamu-DPA1*08:01:01:01|260|NHP01989|Mamu-DPA1*08:01:01:01|260|bp	NHP12137|Mamu-DPA1*08:01:01:02|226|NHP12137|Mamu-DPA1*08:01:01:02|226|bp
NHP01989|Mamu-DPA1*08:01:01:01|260|NHP01989|Mamu-DPA1*08:01:01:01|260|bp	NHP05017|Mamu-DPA1*08:02|260|NHP05017|Mamu-DPA1*08:02|260|bp
NHP01989|Mamu-DPA1*08:01:01:01|260|NHP01989|Mamu-DPA1*08:01:01:01|260|bp	NHP05413|Mamu-DPA1*08:03|260|NHP05413|Mamu-DPA1*08:03|260|bp
NHP05378|Mamu-DPA1*09:01|249|NHP05378|Mamu-DPA1*09:01|249|bp	NHP05378|Mamu-DPA1*09:01|249|NHP05378|Mamu-DPA1*09:01|249|bp
NHP05011|Mamu-DPA1*10:01|260|NHP05011|Mamu-DPA1*10:01|260|bp	NHP05011|Mamu-DPA1*10:01|260|NHP05011|Mamu-DPA1*10:01|260|bp
NHP05014|Mamu-DPA1*11:01|260|NHP05014|Mamu-DPA1*11:01|260|bp	NHP05014|Mamu-DPA1*11:01|260|NHP05014|Mamu-DPA1*11:01|260|bp
