NHP00398|Mamu-DQB1*06:01:01:01|261|NHP00398|Mamu-DQB1*06:01:01:01|261|bp	NHP00398|Mamu-DQB1*06:01:01:01|261|NHP00398|Mamu-DQB1*06:01:01:01|261|bp
NHP00398|Mamu-DQB1*06:01:01:01|261|NHP00398|Mamu-DQB1*06:01:01:01|261|bp	NHP00398|Mamu-DQB1*06:01:01:01|261|NHP00398|Mamu-DQB1*06:01:01:01|261|bp|NHP00398|Mamu-DQB1*06:01:01:01|261|NHP00398|Mamu-DQB1*06:01:01:01|261|bp
NHP00399|Mamu-DQB1*06:02:01:01|261|NHP00399|Mamu-DQB1*06:02:01:01|261|bp	NHP00399|Mamu-DQB1*06:02:01:01|261|NHP00399|Mamu-DQB1*06:02:01:01|261|bp
NHP00399|Mamu-DQB1*06:02:01:01|261|NHP00399|Mamu-DQB1*06:02:01:01|261|bp	NHP04024|Mamu-DQB1*06:02:03|88|NHP04024|Mamu-DQB1*06:02:03|88|bp
NHP00399|Mamu-DQB1*06:02:01:01|261|NHP00399|Mamu-DQB1*06:02:01:01|261|bp	NHP00404|Mamu-DQB1*06:09:01:01|261|NHP00404|Mamu-DQB1*06:09:01:01|261|bp
NHP00399|Mamu-DQB1*06:02:01:01|261|NHP00399|Mamu-DQB1*06:02:01:01|261|bp	NHP01626|Mamu-DQB1*06:14:01:01|261|NHP01626|Mamu-DQB1*06:14:01:01|261|bp
NHP00399|Mamu-DQB1*06:02:01:01|261|NHP00399|Mamu-DQB1*06:02:01:01|261|bp	NHP04015|Mamu-DQB1*06:22|88|NHP04015|Mamu-DQB1*06:22|88|bp
NHP00399|Mamu-DQB1*06:02:01:01|261|NHP00399|Mamu-DQB1*06:02:01:01|261|bp	NHP05452|Mamu-DQB1*06:24|261|NHP05452|Mamu-DQB1*06:24|261|bp
NHP00399|Mamu-DQB1*06:02:01:01|261|NHP00399|Mamu-DQB1*06:02:01:01|261|bp	NHP05453|Mamu-DQB1*06:25|261|NHP05453|Mamu-DQB1*06:25|261|bp
NHP03494|Mamu-DQB1*06:02:02|83|NHP03494|Mamu-DQB1*06:02:02|83|bp	NHP03494|Mamu-DQB1*06:02:02|83|NHP03494|Mamu-DQB1*06:02:02|83|bp
NHP00400|Mamu-DQB1*06:05:01:01|261|NHP00400|Mamu-DQB1*06:05:01:01|261|bp	NHP00400|Mamu-DQB1*06:05:01:01|261|NHP00400|Mamu-DQB1*06:05:01:01|261|bp
NHP00400|Mamu-DQB1*06:05:01:01|261|NHP00400|Mamu-DQB1*06:05:01:01|261|bp	NHP12171|Mamu-DQB1*06:05:01:02|220|NHP12171|Mamu-DQB1*06:05:01:02|220|bp
NHP00400|Mamu-DQB1*06:05:01:01|261|NHP00400|Mamu-DQB1*06:05:01:01|261|bp	NHP12172|Mamu-DQB1*06:05:01:03|220|NHP12172|Mamu-DQB1*06:05:01:03|220|bp
NHP00400|Mamu-DQB1*06:05:01:01|261|NHP00400|Mamu-DQB1*06:05:01:01|261|bp	NHP02350|Mamu-DQB1*06:16|261|NHP02350|Mamu-DQB1*06:16|261|bp
NHP00400|Mamu-DQB1*06:05:01:01|261|NHP00400|Mamu-DQB1*06:05:01:01|261|bp	NHP04013|Mamu-DQB1*06:20|88|NHP04013|Mamu-DQB1*06:20|88|bp
NHP00401|Mamu-DQB1*06:06:01:01|261|NHP00401|Mamu-DQB1*06:06:01:01|261|bp	NHP00401|Mamu-DQB1*06:06:01:01|261|NHP00401|Mamu-DQB1*06:06:01:01|261|bp
NHP00401|Mamu-DQB1*06:06:01:01|261|NHP00401|Mamu-DQB1*06:06:01:01|261|bp	NHP05450|Mamu-DQB1*06:06:02|261|NHP05450|Mamu-DQB1*06:06:02|261|bp
NHP00401|Mamu-DQB1*06:06:01:01|261|NHP00401|Mamu-DQB1*06:06:01:01|261|bp	NHP00408|Mamu-DQB1*06:12:01:01|220|NHP00408|Mamu-DQB1*06:12:01:01|220|bp
NHP00401|Mamu-DQB1*06:06:01:01|261|NHP00401|Mamu-DQB1*06:06:01:01|261|bp	NHP00409|Mamu-DQB1*06:13:01|261|NHP00409|Mamu-DQB1*06:13:01|261|bp
NHP00401|Mamu-DQB1*06:06:01:01|261|NHP00401|Mamu-DQB1*06:06:01:01|261|bp	NHP02196|Mamu-DQB1*06:13:02|88|NHP02196|Mamu-DQB1*06:13:02|88|bp
NHP00401|Mamu-DQB1*06:06:01:01|261|NHP00401|Mamu-DQB1*06:06:01:01|261|bp	NHP02905|Mamu-DQB1*06:17|89|NHP02905|Mamu-DQB1*06:17|89|bp
NHP00401|Mamu-DQB1*06:06:01:01|261|NHP00401|Mamu-DQB1*06:06:01:01|261|bp	NHP07266|Mamu-DQB1*06:26|261|NHP07266|Mamu-DQB1*06:26|261|bp
NHP00402|Mamu-DQB1*06:07|261|NHP00402|Mamu-DQB1*06:07|261|bp	NHP00402|Mamu-DQB1*06:07|261|NHP00402|Mamu-DQB1*06:07|261|bp
NHP00406|Mamu-DQB1*06:11:01:01|261|NHP00406|Mamu-DQB1*06:11:01:01|261|bp	NHP00406|Mamu-DQB1*06:11:01:01|261|NHP00406|Mamu-DQB1*06:11:01:01|261|bp
NHP00406|Mamu-DQB1*06:11:01:01|261|NHP00406|Mamu-DQB1*06:11:01:01|261|bp	NHP00407|Mamu-DQB1*06:11:02|89|NHP00407|Mamu-DQB1*06:11:02|89|bp
NHP00406|Mamu-DQB1*06:11:01:01|261|NHP00406|Mamu-DQB1*06:11:01:01|261|bp	NHP05451|Mamu-DQB1*06:23|261|NHP05451|Mamu-DQB1*06:23|261|bp
NHP02192|Mamu-DQB1*06:15|88|NHP02192|Mamu-DQB1*06:15|88|bp	NHP02192|Mamu-DQB1*06:15|88|NHP02192|Mamu-DQB1*06:15|88|bp
NHP02192|Mamu-DQB1*06:15|88|NHP02192|Mamu-DQB1*06:15|88|bp	NHP00405|Mamu-DQB1*06:10:01:01|261|NHP00405|Mamu-DQB1*06:10:01:01|261|bp
NHP03495|Mamu-DQB1*06:18|83|NHP03495|Mamu-DQB1*06:18|83|bp	NHP03495|Mamu-DQB1*06:18|83|NHP03495|Mamu-DQB1*06:18|83|bp
NHP03496|Mamu-DQB1*06:19|83|NHP03496|Mamu-DQB1*06:19|83|bp	NHP03496|Mamu-DQB1*06:19|83|NHP03496|Mamu-DQB1*06:19|83|bp
NHP04014|Mamu-DQB1*06:21|88|NHP04014|Mamu-DQB1*06:21|88|bp	NHP04014|Mamu-DQB1*06:21|88|NHP04014|Mamu-DQB1*06:21|88|bp
NHP04014|Mamu-DQB1*06:21|88|NHP04014|Mamu-DQB1*06:21|88|bp	NHP00403|Mamu-DQB1*06:08|168|NHP00403|Mamu-DQB1*06:08|168|bp
NHP00410|Mamu-DQB1*15:01:01:01|261|NHP00410|Mamu-DQB1*15:01:01:01|261|bp	NHP00410|Mamu-DQB1*15:01:01:01|261|NHP00410|Mamu-DQB1*15:01:01:01|261|bp
NHP00410|Mamu-DQB1*15:01:01:01|261|NHP00410|Mamu-DQB1*15:01:01:01|261|bp	NHP05433|Mamu-DQB1*15:01:02|261|NHP05433|Mamu-DQB1*15:01:02|261|bp
NHP00410|Mamu-DQB1*15:01:01:01|261|NHP00410|Mamu-DQB1*15:01:01:01|261|bp	NHP00411|Mamu-DQB1*15:02:01:01|261|NHP00411|Mamu-DQB1*15:02:01:01|261|bp
NHP00410|Mamu-DQB1*15:01:01:01|261|NHP00410|Mamu-DQB1*15:01:01:01|261|bp	NHP00412|Mamu-DQB1*15:03|261|NHP00412|Mamu-DQB1*15:03|261|bp
NHP00410|Mamu-DQB1*15:01:01:01|261|NHP00410|Mamu-DQB1*15:01:01:01|261|bp	NHP02193|Mamu-DQB1*15:04|88|NHP02193|Mamu-DQB1*15:04|88|bp
NHP00410|Mamu-DQB1*15:01:01:01|261|NHP00410|Mamu-DQB1*15:01:01:01|261|bp	NHP04025|Mamu-DQB1*15:05|88|NHP04025|Mamu-DQB1*15:05|88|bp
NHP00410|Mamu-DQB1*15:01:01:01|261|NHP00410|Mamu-DQB1*15:01:01:01|261|bp	NHP05454|Mamu-DQB1*15:06|261|NHP05454|Mamu-DQB1*15:06|261|bp
NHP00413|Mamu-DQB1*16:01:01:01|260|NHP00413|Mamu-DQB1*16:01:01:01|260|bp	NHP00413|Mamu-DQB1*16:01:01:01|260|NHP00413|Mamu-DQB1*16:01:01:01|260|bp
NHP00414|Mamu-DQB1*16:02|81|NHP00414|Mamu-DQB1*16:02|81|bp	NHP00414|Mamu-DQB1*16:02|81|NHP00414|Mamu-DQB1*16:02|81|bp
NHP00415|Mamu-DQB1*16:03:01:01|261|NHP00415|Mamu-DQB1*16:03:01:01|261|bp	NHP00415|Mamu-DQB1*16:03:01:01|261|NHP00415|Mamu-DQB1*16:03:01:01|261|bp
NHP00417|Mamu-DQB1*17:03:01:01|261|NHP00417|Mamu-DQB1*17:03:01:01|261|bp	NHP00417|Mamu-DQB1*17:03:01:01|261|NHP00417|Mamu-DQB1*17:03:01:01|261|bp
NHP00417|Mamu-DQB1*17:03:01:01|261|NHP00417|Mamu-DQB1*17:03:01:01|261|bp	NHP12173|Mamu-DQB1*17:03:01:02|220|NHP12173|Mamu-DQB1*17:03:01:02|220|bp
NHP00421|Mamu-DQB1*17:07|261|NHP00421|Mamu-DQB1*17:07|261|bp	NHP00421|Mamu-DQB1*17:07|261|NHP00421|Mamu-DQB1*17:07|261|bp
NHP00421|Mamu-DQB1*17:07|261|NHP00421|Mamu-DQB1*17:07|261|bp	NHP02194|Mamu-DQB1*17:11|168|NHP02194|Mamu-DQB1*17:11|168|bp
NHP00421|Mamu-DQB1*17:07|261|NHP00421|Mamu-DQB1*17:07|261|bp	NHP04026|Mamu-DQB1*17:13|88|NHP04026|Mamu-DQB1*17:13|88|bp
NHP00421|Mamu-DQB1*17:07|261|NHP00421|Mamu-DQB1*17:07|261|bp	NHP05455|Mamu-DQB1*17:14|261|NHP05455|Mamu-DQB1*17:14|261|bp
NHP00424|Mamu-DQB1*18:01:01:01|252|NHP00424|Mamu-DQB1*18:01:01:01|252|bp	NHP00424|Mamu-DQB1*18:01:01:01|252|NHP00424|Mamu-DQB1*18:01:01:01|252|bp
NHP00424|Mamu-DQB1*18:01:01:01|252|NHP00424|Mamu-DQB1*18:01:01:01|252|bp	NHP03578|Mamu-DQB1*18:25:01:01|261|NHP03578|Mamu-DQB1*18:25:01:01|261|bp
NHP00424|Mamu-DQB1*18:01:01:01|252|NHP00424|Mamu-DQB1*18:01:01:01|252|bp	NHP12174|Mamu-DQB1*18:28:01:01|220|NHP12174|Mamu-DQB1*18:28:01:01|220|bp
NHP00424|Mamu-DQB1*18:01:01:01|252|NHP00424|Mamu-DQB1*18:01:01:01|252|bp	NHP12175|Mamu-DQB1*18:29:01:01|220|NHP12175|Mamu-DQB1*18:29:01:01|220|bp
NHP00425|Mamu-DQB1*18:02:01:01|261|NHP00425|Mamu-DQB1*18:02:01:01|261|bp	NHP00425|Mamu-DQB1*18:02:01:01|261|NHP00425|Mamu-DQB1*18:02:01:01|261|bp
NHP00425|Mamu-DQB1*18:02:01:01|261|NHP00425|Mamu-DQB1*18:02:01:01|261|bp	NHP00433|Mamu-DQB1*18:12|261|NHP00433|Mamu-DQB1*18:12|261|bp
NHP00425|Mamu-DQB1*18:02:01:01|261|NHP00425|Mamu-DQB1*18:02:01:01|261|bp	NHP07267|Mamu-DQB1*18:27|261|NHP07267|Mamu-DQB1*18:27|261|bp
NHP00425|Mamu-DQB1*18:02:01:01|261|NHP00425|Mamu-DQB1*18:02:01:01|261|bp	NHP12177|Mamu-DQB1*18:30:01:01|220|NHP12177|Mamu-DQB1*18:30:01:01|220|bp
NHP00427|Mamu-DQB1*18:04:01:01|261|NHP00427|Mamu-DQB1*18:04:01:01|261|bp	NHP00427|Mamu-DQB1*18:04:01:01|261|NHP00427|Mamu-DQB1*18:04:01:01|261|bp
NHP00427|Mamu-DQB1*18:04:01:01|261|NHP00427|Mamu-DQB1*18:04:01:01|261|bp	NHP00426|Mamu-DQB1*18:03:01:01|261|NHP00426|Mamu-DQB1*18:03:01:01|261|bp
NHP00428|Mamu-DQB1*18:07|81|NHP00428|Mamu-DQB1*18:07|81|bp	NHP00428|Mamu-DQB1*18:07|81|NHP00428|Mamu-DQB1*18:07|81|bp
NHP00431|Mamu-DQB1*18:10:01:01|261|NHP00431|Mamu-DQB1*18:10:01:01|261|bp	NHP00431|Mamu-DQB1*18:10:01:01|261|NHP00431|Mamu-DQB1*18:10:01:01|261|bp
NHP00431|Mamu-DQB1*18:10:01:01|261|NHP00431|Mamu-DQB1*18:10:01:01|261|bp	NHP02195|Mamu-DQB1*18:18|88|NHP02195|Mamu-DQB1*18:18|88|bp
NHP00431|Mamu-DQB1*18:10:01:01|261|NHP00431|Mamu-DQB1*18:10:01:01|261|bp	NHP02197|Mamu-DQB1*18:19:01|261|NHP02197|Mamu-DQB1*18:19:01|261|bp
NHP00431|Mamu-DQB1*18:10:01:01|261|NHP00431|Mamu-DQB1*18:10:01:01|261|bp	NHP05432|Mamu-DQB1*18:19:02|168|NHP05432|Mamu-DQB1*18:19:02|168|bp
NHP00431|Mamu-DQB1*18:10:01:01|261|NHP00431|Mamu-DQB1*18:10:01:01|261|bp	NHP02198|Mamu-DQB1*18:20|261|NHP02198|Mamu-DQB1*18:20|261|bp
NHP00431|Mamu-DQB1*18:10:01:01|261|NHP00431|Mamu-DQB1*18:10:01:01|261|bp	NHP02906|Mamu-DQB1*18:22|168|NHP02906|Mamu-DQB1*18:22|168|bp
NHP00431|Mamu-DQB1*18:10:01:01|261|NHP00431|Mamu-DQB1*18:10:01:01|261|bp	NHP03498|Mamu-DQB1*18:24|261|NHP03498|Mamu-DQB1*18:24|261|bp
NHP00434|Mamu-DQB1*18:13|81|NHP00434|Mamu-DQB1*18:13|81|bp	NHP00434|Mamu-DQB1*18:13|81|NHP00434|Mamu-DQB1*18:13|81|bp
NHP00435|Mamu-DQB1*18:14|81|NHP00435|Mamu-DQB1*18:14|81|bp	NHP00435|Mamu-DQB1*18:14|81|NHP00435|Mamu-DQB1*18:14|81|bp
NHP00436|Mamu-DQB1*24:01|261|NHP00436|Mamu-DQB1*24:01|261|bp	NHP00436|Mamu-DQB1*24:01|261|NHP00436|Mamu-DQB1*24:01|261|bp
NHP00416|Mamu-DQB1*26:01|81|NHP00416|Mamu-DQB1*26:01|81|bp	NHP00416|Mamu-DQB1*26:01|81|NHP00416|Mamu-DQB1*26:01|81|bp
NHP00418|Mamu-DQB1*26:02|81|NHP00418|Mamu-DQB1*26:02|81|bp	NHP00418|Mamu-DQB1*26:02|81|NHP00418|Mamu-DQB1*26:02|81|bp
NHP03499|Mamu-DQB1*26:07|88|NHP03499|Mamu-DQB1*26:07|88|bp	NHP03499|Mamu-DQB1*26:07|88|NHP03499|Mamu-DQB1*26:07|88|bp
NHP03499|Mamu-DQB1*26:07|88|NHP03499|Mamu-DQB1*26:07|88|bp	NHP00420|Mamu-DQB1*26:04:01|261|NHP00420|Mamu-DQB1*26:04:01|261|bp
NHP03499|Mamu-DQB1*26:07|88|NHP03499|Mamu-DQB1*26:07|88|bp	NHP00419|Mamu-DQB1*26:03|89|NHP00419|Mamu-DQB1*26:03|89|bp
NHP03499|Mamu-DQB1*26:07|88|NHP03499|Mamu-DQB1*26:07|88|bp	NHP03500|Mamu-DQB1*26:04:02|88|NHP03500|Mamu-DQB1*26:04:02|88|bp
NHP03499|Mamu-DQB1*26:07|88|NHP03499|Mamu-DQB1*26:07|88|bp	NHP00423|Mamu-DQB1*26:05|261|NHP00423|Mamu-DQB1*26:05|261|bp
NHP03499|Mamu-DQB1*26:07|88|NHP03499|Mamu-DQB1*26:07|88|bp	NHP01277|Mamu-DQB1*26:06|89|NHP01277|Mamu-DQB1*26:06|89|bp
NHP03499|Mamu-DQB1*26:07|88|NHP03499|Mamu-DQB1*26:07|88|bp	NHP05431|Mamu-DQB1*26:08|168|NHP05431|Mamu-DQB1*26:08|168|bp
NHP00430|Mamu-DQB1*27:01:01:01|261|NHP00430|Mamu-DQB1*27:01:01:01|261|bp	NHP00430|Mamu-DQB1*27:01:01:01|261|NHP00430|Mamu-DQB1*27:01:01:01|261|bp
NHP00430|Mamu-DQB1*27:01:01:01|261|NHP00430|Mamu-DQB1*27:01:01:01|261|bp	NHP00432|Mamu-DQB1*27:02:01:01|261|NHP00432|Mamu-DQB1*27:02:01:01|261|bp
NHP00430|Mamu-DQB1*27:01:01:01|261|NHP00430|Mamu-DQB1*27:01:01:01|261|bp	NHP12178|Mamu-DQB1*27:02:01:02|220|NHP12178|Mamu-DQB1*27:02:01:02|220|bp
NHP00430|Mamu-DQB1*27:01:01:01|261|NHP00430|Mamu-DQB1*27:01:01:01|261|bp	NHP03497|Mamu-DQB1*27:02:02|88|NHP03497|Mamu-DQB1*27:02:02|88|bp
NHP00430|Mamu-DQB1*27:01:01:01|261|NHP00430|Mamu-DQB1*27:01:01:01|261|bp	NHP01067|Mamu-DQB1*27:03|168|NHP01067|Mamu-DQB1*27:03|168|bp
NHP00430|Mamu-DQB1*27:01:01:01|261|NHP00430|Mamu-DQB1*27:01:01:01|261|bp	NHP02199|Mamu-DQB1*27:05|88|NHP02199|Mamu-DQB1*27:05|88|bp
NHP02191|Mamu-DQB1*27:04:01:01|261|NHP02191|Mamu-DQB1*27:04:01:01|261|bp	NHP02191|Mamu-DQB1*27:04:01:01|261|NHP02191|Mamu-DQB1*27:04:01:01|261|bp
NHP00429|Mamu-DQB1*28:01:01:01|261|NHP00429|Mamu-DQB1*28:01:01:01|261|bp	NHP00429|Mamu-DQB1*28:01:01:01|261|NHP00429|Mamu-DQB1*28:01:01:01|261|bp
