NHP00903|Patr-DRB*W008:01|81|NHP00903|Patr-DRB*W008:01|81|bp	NHP00903|Patr-DRB*W008:01|81|NHP00903|Patr-DRB*W008:01|81|bp
NHP00851|Patr-DRB1*02:03|83|NHP00851|Patr-DRB1*02:03|83|bp	NHP00851|Patr-DRB1*02:03|83|NHP00851|Patr-DRB1*02:03|83|bp
NHP00853|Patr-DRB1*02:05|266|NHP00853|Patr-DRB1*02:05|266|bp	NHP00853|Patr-DRB1*02:05|266|NHP00853|Patr-DRB1*02:05|266|bp
NHP04398|Patr-DRB1*02:09|72|NHP04398|Patr-DRB1*02:09|72|bp	NHP04398|Patr-DRB1*02:09|72|NHP04398|Patr-DRB1*02:09|72|bp
NHP04398|Patr-DRB1*02:09|72|NHP04398|Patr-DRB1*02:09|72|bp	NHP04396|Patr-DRB1*02:07|72|NHP04396|Patr-DRB1*02:07|72|bp
NHP04399|Patr-DRB1*02:10|72|NHP04399|Patr-DRB1*02:10|72|bp	NHP04399|Patr-DRB1*02:10|72|NHP04399|Patr-DRB1*02:10|72|bp
NHP04399|Patr-DRB1*02:10|72|NHP04399|Patr-DRB1*02:10|72|bp	NHP04397|Patr-DRB1*02:08|72|NHP04397|Patr-DRB1*02:08|72|bp
NHP00854|Patr-DRB1*02:13|81|NHP00854|Patr-DRB1*02:13|81|bp	NHP00854|Patr-DRB1*02:13|81|NHP00854|Patr-DRB1*02:13|81|bp
NHP01097|Patr-DRB1*02:14|266|NHP01097|Patr-DRB1*02:14|266|bp	NHP01097|Patr-DRB1*02:14|266|NHP01097|Patr-DRB1*02:14|266|bp
NHP01097|Patr-DRB1*02:14|266|NHP01097|Patr-DRB1*02:14|266|bp	NHP02926|Patr-DRB1*02:15|266|NHP02926|Patr-DRB1*02:15|266|bp
NHP10324|Patr-DRB1*02:16|266|NHP10324|Patr-DRB1*02:16|266|bp	NHP10324|Patr-DRB1*02:16|266|NHP10324|Patr-DRB1*02:16|266|bp
NHP10324|Patr-DRB1*02:16|266|NHP10324|Patr-DRB1*02:16|266|bp	NHP00850|Patr-DRB1*02:02|266|NHP00850|Patr-DRB1*02:02|266|bp
NHP10324|Patr-DRB1*02:16|266|NHP10324|Patr-DRB1*02:16|266|bp	NHP00852|Patr-DRB1*02:04|266|NHP00852|Patr-DRB1*02:04|266|bp
NHP10324|Patr-DRB1*02:16|266|NHP10324|Patr-DRB1*02:16|266|bp	NHP00849|Patr-DRB1*02:01:01:01|266|NHP00849|Patr-DRB1*02:01:01:01|266|bp
NHP10324|Patr-DRB1*02:16|266|NHP10324|Patr-DRB1*02:16|266|bp	NHP00849|Patr-DRB1*02:01:01:01|266|NHP00849|Patr-DRB1*02:01:01:01|266|bp|NHP00849|Patr-DRB1*02:01:01:01|266|NHP00849|Patr-DRB1*02:01:01:01|266|bp
NHP04400|Patr-DRB1*03:01|72|NHP04400|Patr-DRB1*03:01|72|bp	NHP04400|Patr-DRB1*03:01|72|NHP04400|Patr-DRB1*03:01|72|bp
NHP04402|Patr-DRB1*03:03|72|NHP04402|Patr-DRB1*03:03|72|bp	NHP04402|Patr-DRB1*03:03|72|NHP04402|Patr-DRB1*03:03|72|bp
NHP04401|Patr-DRB1*03:04|72|NHP04401|Patr-DRB1*03:04|72|bp	NHP04401|Patr-DRB1*03:04|72|NHP04401|Patr-DRB1*03:04|72|bp
NHP00857|Patr-DRB1*03:06|81|NHP00857|Patr-DRB1*03:06|81|bp	NHP00857|Patr-DRB1*03:06|81|NHP00857|Patr-DRB1*03:06|81|bp
NHP00857|Patr-DRB1*03:06|81|NHP00857|Patr-DRB1*03:06|81|bp	NHP00861|Patr-DRB1*03:10|81|NHP00861|Patr-DRB1*03:10|81|bp
NHP00857|Patr-DRB1*03:06|81|NHP00857|Patr-DRB1*03:06|81|bp	NHP02974|Patr-DRB1*03:14|81|NHP02974|Patr-DRB1*03:14|81|bp
NHP00858|Patr-DRB1*03:07:01|266|NHP00858|Patr-DRB1*03:07:01|266|bp	NHP00858|Patr-DRB1*03:07:01|266|NHP00858|Patr-DRB1*03:07:01|266|bp
NHP00858|Patr-DRB1*03:07:01|266|NHP00858|Patr-DRB1*03:07:01|266|bp	NHP02922|Patr-DRB1*03:07:02|266|NHP02922|Patr-DRB1*03:07:02|266|bp
NHP00858|Patr-DRB1*03:07:01|266|NHP00858|Patr-DRB1*03:07:01|266|bp	NHP00860|Patr-DRB1*03:09|266|NHP00860|Patr-DRB1*03:09|266|bp
NHP00859|Patr-DRB1*03:08|266|NHP00859|Patr-DRB1*03:08|266|bp	NHP00859|Patr-DRB1*03:08|266|NHP00859|Patr-DRB1*03:08|266|bp
NHP00859|Patr-DRB1*03:08|266|NHP00859|Patr-DRB1*03:08|266|bp	NHP01449|Patr-DRB1*03:12|89|NHP01449|Patr-DRB1*03:12|89|bp
NHP01448|Patr-DRB1*03:11|266|NHP01448|Patr-DRB1*03:11|266|bp	NHP01448|Patr-DRB1*03:11|266|NHP01448|Patr-DRB1*03:11|266|bp
NHP02973|Patr-DRB1*03:13|85|NHP02973|Patr-DRB1*03:13|85|bp	NHP02973|Patr-DRB1*03:13|85|NHP02973|Patr-DRB1*03:13|85|bp
NHP02973|Patr-DRB1*03:13|85|NHP02973|Patr-DRB1*03:13|85|bp	NHP00855|Patr-DRB1*03:02|266|NHP00855|Patr-DRB1*03:02|266|bp
NHP02973|Patr-DRB1*03:13|85|NHP02973|Patr-DRB1*03:13|85|bp	NHP00856|Patr-DRB1*03:05|266|NHP00856|Patr-DRB1*03:05|266|bp
NHP01995|Patr-DRB1*03:16|75|NHP01995|Patr-DRB1*03:16|75|bp	NHP01995|Patr-DRB1*03:16|75|NHP01995|Patr-DRB1*03:16|75|bp
NHP00863|Patr-DRB1*07:02|266|NHP00863|Patr-DRB1*07:02|266|bp	NHP00863|Patr-DRB1*07:02|266|NHP00863|Patr-DRB1*07:02|266|bp
NHP00863|Patr-DRB1*07:02|266|NHP00863|Patr-DRB1*07:02|266|bp	NHP00862|Patr-DRB1*07:01|266|NHP00862|Patr-DRB1*07:01|266|bp
NHP00864|Patr-DRB1*10:01:01:01|266|NHP00864|Patr-DRB1*10:01:01:01|266|bp	NHP00864|Patr-DRB1*10:01:01:01|266|NHP00864|Patr-DRB1*10:01:01:01|266|bp
NHP00865|Patr-DRB3*01:02:01:01|266|NHP00865|Patr-DRB3*01:02:01:01|266|bp	NHP00865|Patr-DRB3*01:02:01:01|266|NHP00865|Patr-DRB3*01:02:01:01|266|bp
NHP00865|Patr-DRB3*01:02:01:01|266|NHP00865|Patr-DRB3*01:02:01:01|266|bp	NHP10714|Patr-DRB3*01:02:01:02|232|NHP10714|Patr-DRB3*01:02:01:02|232|bp
NHP00865|Patr-DRB3*01:02:01:01|266|NHP00865|Patr-DRB3*01:02:01:01|266|bp	NHP02923|Patr-DRB3*01:03|266|NHP02923|Patr-DRB3*01:03|266|bp
NHP00868|Patr-DRB3*02:07:02:01N|140|NHP00868|Patr-DRB3*02:07:02:01N|140|bp	NHP00868|Patr-DRB3*02:07:02:01N|140|NHP00868|Patr-DRB3*02:07:02:01N|140|bp
NHP00868|Patr-DRB3*02:07:02:01N|140|NHP00868|Patr-DRB3*02:07:02:01N|140|bp	NHP00866|Patr-DRB3*02:01|266|NHP00866|Patr-DRB3*02:01|266|bp
NHP00868|Patr-DRB3*02:07:02:01N|140|NHP00868|Patr-DRB3*02:07:02:01N|140|bp	NHP00867|Patr-DRB3*02:07:01|89|NHP00867|Patr-DRB3*02:07:01|89|bp
NHP00869|Patr-DRB3*02:09|81|NHP00869|Patr-DRB3*02:09|81|bp	NHP00869|Patr-DRB3*02:09|81|NHP00869|Patr-DRB3*02:09|81|bp
NHP00870|Patr-DRB3*02:10|81|NHP00870|Patr-DRB3*02:10|81|bp	NHP00870|Patr-DRB3*02:10|81|NHP00870|Patr-DRB3*02:10|81|bp
NHP00870|Patr-DRB3*02:10|81|NHP00870|Patr-DRB3*02:10|81|bp	NHP00871|Patr-DRB3*02:11|81|NHP00871|Patr-DRB3*02:11|81|bp
NHP00870|Patr-DRB3*02:10|81|NHP00870|Patr-DRB3*02:10|81|bp	NHP00872|Patr-DRB3*02:12|81|NHP00872|Patr-DRB3*02:12|81|bp
NHP00870|Patr-DRB3*02:10|81|NHP00870|Patr-DRB3*02:10|81|bp	NHP00873|Patr-DRB3*02:13|81|NHP00873|Patr-DRB3*02:13|81|bp
NHP00874|Patr-DRB3*02:14|266|NHP00874|Patr-DRB3*02:14|266|bp	NHP00874|Patr-DRB3*02:14|266|NHP00874|Patr-DRB3*02:14|266|bp
NHP00875|Patr-DRB3*02:15|81|NHP00875|Patr-DRB3*02:15|81|bp	NHP00875|Patr-DRB3*02:15|81|NHP00875|Patr-DRB3*02:15|81|bp
NHP02920|Patr-DRB3*07:02:01:01|266|NHP02920|Patr-DRB3*07:02:01:01|266|bp	NHP02920|Patr-DRB3*07:02:01:01|266|NHP02920|Patr-DRB3*07:02:01:01|266|bp
NHP00906|Patr-DRB3*07:03|89|NHP00906|Patr-DRB3*07:03|89|bp	NHP00906|Patr-DRB3*07:03|89|NHP00906|Patr-DRB3*07:03|89|bp
NHP00906|Patr-DRB3*07:03|89|NHP00906|Patr-DRB3*07:03|89|bp	NHP02919|Patr-DRB3*07:01|266|NHP02919|Patr-DRB3*07:01|266|bp
NHP00907|Patr-DRB3*07:04|81|NHP00907|Patr-DRB3*07:04|81|bp	NHP00907|Patr-DRB3*07:04|81|NHP00907|Patr-DRB3*07:04|81|bp
NHP00908|Patr-DRB3*07:05|81|NHP00908|Patr-DRB3*07:05|81|bp	NHP00908|Patr-DRB3*07:05|81|NHP00908|Patr-DRB3*07:05|81|bp
NHP00876|Patr-DRB4*01:04N|89|NHP00876|Patr-DRB4*01:04N|89|bp	NHP00876|Patr-DRB4*01:04N|89|NHP00876|Patr-DRB4*01:04N|89|bp
NHP00876|Patr-DRB4*01:04N|89|NHP00876|Patr-DRB4*01:04N|89|bp	NHP00877|Patr-DRB4*01:05|89|NHP00877|Patr-DRB4*01:05|89|bp
NHP00879|Patr-DRB4*01:07|81|NHP00879|Patr-DRB4*01:07|81|bp	NHP00879|Patr-DRB4*01:07|81|NHP00879|Patr-DRB4*01:07|81|bp
NHP00879|Patr-DRB4*01:07|81|NHP00879|Patr-DRB4*01:07|81|bp	NHP00878|Patr-DRB4*01:06|81|NHP00878|Patr-DRB4*01:06|81|bp
NHP00880|Patr-DRB4*02:01:01:01|266|NHP00880|Patr-DRB4*02:01:01:01|266|bp	NHP00880|Patr-DRB4*02:01:01:01|266|NHP00880|Patr-DRB4*02:01:01:01|266|bp
NHP02924|Patr-DRB5*01:03|266|NHP02924|Patr-DRB5*01:03|266|bp	NHP02924|Patr-DRB5*01:03|266|NHP02924|Patr-DRB5*01:03|266|bp
NHP02924|Patr-DRB5*01:03|266|NHP02924|Patr-DRB5*01:03|266|bp	NHP00881|Patr-DRB5*01:01|266|NHP00881|Patr-DRB5*01:01|266|bp
NHP02924|Patr-DRB5*01:03|266|NHP02924|Patr-DRB5*01:03|266|bp	NHP00882|Patr-DRB5*01:02|266|NHP00882|Patr-DRB5*01:02|266|bp
NHP00883|Patr-DRB5*03:01|266|NHP00883|Patr-DRB5*03:01|266|bp	NHP00883|Patr-DRB5*03:01|266|NHP00883|Patr-DRB5*03:01|266|bp
NHP00883|Patr-DRB5*03:01|266|NHP00883|Patr-DRB5*03:01|266|bp	NHP00884|Patr-DRB5*03:04|266|NHP00884|Patr-DRB5*03:04|266|bp
NHP00883|Patr-DRB5*03:01|266|NHP00883|Patr-DRB5*03:01|266|bp	NHP00887|Patr-DRB5*03:07|266|NHP00887|Patr-DRB5*03:07|266|bp
NHP00883|Patr-DRB5*03:01|266|NHP00883|Patr-DRB5*03:01|266|bp	NHP02925|Patr-DRB5*03:13|266|NHP02925|Patr-DRB5*03:13|266|bp
NHP00883|Patr-DRB5*03:01|266|NHP00883|Patr-DRB5*03:01|266|bp	NHP10325|Patr-DRB5*03:14|266|NHP10325|Patr-DRB5*03:14|266|bp
NHP00888|Patr-DRB5*03:08|81|NHP00888|Patr-DRB5*03:08|81|bp	NHP00888|Patr-DRB5*03:08|81|NHP00888|Patr-DRB5*03:08|81|bp
NHP00888|Patr-DRB5*03:08|81|NHP00888|Patr-DRB5*03:08|81|bp	NHP00885|Patr-DRB5*03:05|81|NHP00885|Patr-DRB5*03:05|81|bp
NHP00889|Patr-DRB5*03:09|89|NHP00889|Patr-DRB5*03:09|89|bp	NHP00889|Patr-DRB5*03:09|89|NHP00889|Patr-DRB5*03:09|89|bp
NHP00889|Patr-DRB5*03:09|89|NHP00889|Patr-DRB5*03:09|89|bp	NHP00890|Patr-DRB5*03:10|266|NHP00890|Patr-DRB5*03:10|266|bp
NHP00889|Patr-DRB5*03:09|89|NHP00889|Patr-DRB5*03:09|89|bp	NHP01095|Patr-DRB5*03:12|266|NHP01095|Patr-DRB5*03:12|266|bp
NHP00891|Patr-DRB5*03:11|266|NHP00891|Patr-DRB5*03:11|266|bp	NHP00891|Patr-DRB5*03:11|266|NHP00891|Patr-DRB5*03:11|266|bp
NHP00891|Patr-DRB5*03:11|266|NHP00891|Patr-DRB5*03:11|266|bp	NHP00886|Patr-DRB5*03:06|266|NHP00886|Patr-DRB5*03:06|266|bp
NHP00892|Patr-DRB6*01:05N|81|NHP00892|Patr-DRB6*01:05N|81|bp	NHP00892|Patr-DRB6*01:05N|81|NHP00892|Patr-DRB6*01:05N|81|bp
NHP00892|Patr-DRB6*01:05N|81|NHP00892|Patr-DRB6*01:05N|81|bp	NHP00893|Patr-DRB6*01:06N|78|NHP00893|Patr-DRB6*01:06N|78|bp
NHP00892|Patr-DRB6*01:05N|81|NHP00892|Patr-DRB6*01:05N|81|bp	NHP00894|Patr-DRB6*01:07N|78|NHP00894|Patr-DRB6*01:07N|78|bp
NHP00892|Patr-DRB6*01:05N|81|NHP00892|Patr-DRB6*01:05N|81|bp	NHP00895|Patr-DRB6*01:09N|81|NHP00895|Patr-DRB6*01:09N|81|bp
NHP00892|Patr-DRB6*01:05N|81|NHP00892|Patr-DRB6*01:05N|81|bp	NHP00896|Patr-DRB6*01:10N|81|NHP00896|Patr-DRB6*01:10N|81|bp
NHP00901|Patr-DRB6*03:05N|82|NHP00901|Patr-DRB6*03:05N|82|bp	NHP00901|Patr-DRB6*03:05N|82|NHP00901|Patr-DRB6*03:05N|82|bp
NHP00901|Patr-DRB6*03:05N|82|NHP00901|Patr-DRB6*03:05N|82|bp	NHP00897|Patr-DRB6*03:01N|79|NHP00897|Patr-DRB6*03:01N|79|bp
NHP00901|Patr-DRB6*03:05N|82|NHP00901|Patr-DRB6*03:05N|82|bp	NHP00898|Patr-DRB6*03:02N|80|NHP00898|Patr-DRB6*03:02N|80|bp
NHP00901|Patr-DRB6*03:05N|82|NHP00901|Patr-DRB6*03:05N|82|bp	NHP00899|Patr-DRB6*03:03N|80|NHP00899|Patr-DRB6*03:03N|80|bp
NHP00901|Patr-DRB6*03:05N|82|NHP00901|Patr-DRB6*03:05N|82|bp	NHP00900|Patr-DRB6*03:04N|80|NHP00900|Patr-DRB6*03:04N|80|bp
