HLA:HLA00921|HLA:HLA00921|DRB5*01:06|89|bp	HLA:HLA00921|HLA:HLA00921|DRB5*01:06|89|bp
HLA:HLA00921|HLA:HLA00921|DRB5*01:06|89|bp	HLA:HLA01638|HLA:HLA01638|DRB5*01:11|89|bp
HLA:HLA00921|HLA:HLA00921|DRB5*01:06|89|bp	HLA:HLA15023|HLA:HLA15023|DRB5*01:21|89|bp
HLA:HLA00921|HLA:HLA00921|DRB5*01:06|89|bp	HLA:HLA20797|HLA:HLA20797|DRB5*01:43|89|bp
HLA:HLA00921|HLA:HLA00921|DRB5*01:06|89|bp	HLA:HLA22566|HLA:HLA22566|DRB5*01:55|183|bp
HLA:HLA00921|HLA:HLA00921|DRB5*01:06|89|bp	HLA:HLA29202|HLA:HLA29202|DRB5*01:100|220|bp
HLA:HLA00921|HLA:HLA00921|DRB5*01:06|89|bp	HLA:HLA39022|HLA:HLA39022|DRB5*01:136|89|bp
HLA:HLA00921|HLA:HLA00921|DRB5*01:06|89|bp	HLA:HLA00926|HLA:HLA00926|DRB5*02:02:01|266|bp
HLA:HLA00921|HLA:HLA00921|DRB5*01:06|89|bp	HLA:HLA17154|HLA:HLA17154|DRB5*02:02:02|183|bp
HLA:HLA00921|HLA:HLA00921|DRB5*01:06|89|bp	HLA:HLA19314|HLA:HLA19314|DRB5*02:02:03|183|bp
HLA:HLA00921|HLA:HLA00921|DRB5*01:06|89|bp	HLA:HLA31311|HLA:HLA31311|DRB5*02:02:04|232|bp
HLA:HLA00921|HLA:HLA00921|DRB5*01:06|89|bp	HLA:HLA41540|HLA:HLA41540|DRB5*02:02:05|266|bp
HLA:HLA00921|HLA:HLA00921|DRB5*01:06|89|bp	HLA:HLA08085|HLA:HLA08085|DRB5*02:06|183|bp
HLA:HLA00921|HLA:HLA00921|DRB5*01:06|89|bp	HLA:HLA14667|HLA:HLA14667|DRB5*02:07|89|bp
HLA:HLA00921|HLA:HLA00921|DRB5*01:06|89|bp	HLA:HLA15025|HLA:HLA15025|DRB5*02:09|89|bp
HLA:HLA00921|HLA:HLA00921|DRB5*01:06|89|bp	HLA:HLA15438|HLA:HLA15438|DRB5*02:10|89|bp
HLA:HLA00921|HLA:HLA00921|DRB5*01:06|89|bp	HLA:HLA15439|HLA:HLA15439|DRB5*02:11|89|bp
HLA:HLA00921|HLA:HLA00921|DRB5*01:06|89|bp	HLA:HLA15441|HLA:HLA15441|DRB5*02:13|89|bp
HLA:HLA00921|HLA:HLA00921|DRB5*01:06|89|bp	HLA:HLA15442|HLA:HLA15442|DRB5*02:14|89|bp
HLA:HLA00921|HLA:HLA00921|DRB5*01:06|89|bp	HLA:HLA15716|HLA:HLA15716|DRB5*02:15|89|bp
HLA:HLA00921|HLA:HLA00921|DRB5*01:06|89|bp	HLA:HLA17546|HLA:HLA17546|DRB5*02:17|89|bp
HLA:HLA00921|HLA:HLA00921|DRB5*01:06|89|bp	HLA:HLA18821|HLA:HLA18821|DRB5*02:20|89|bp
HLA:HLA00921|HLA:HLA00921|DRB5*01:06|89|bp	HLA:HLA19672|HLA:HLA19672|DRB5*02:21:01|232|bp
HLA:HLA00921|HLA:HLA00921|DRB5*01:06|89|bp	HLA:HLA37363|HLA:HLA37363|DRB5*02:21:02|266|bp
HLA:HLA00921|HLA:HLA00921|DRB5*01:06|89|bp	HLA:HLA19597|HLA:HLA19597|DRB5*02:22|232|bp
HLA:HLA00921|HLA:HLA00921|DRB5*01:06|89|bp	HLA:HLA20572|HLA:HLA20572|DRB5*02:23|183|bp
HLA:HLA00921|HLA:HLA00921|DRB5*01:06|89|bp	HLA:HLA23274|HLA:HLA23274|DRB5*02:28|183|bp
HLA:HLA00921|HLA:HLA00921|DRB5*01:06|89|bp	HLA:HLA24319|HLA:HLA24319|DRB5*02:29|89|bp
HLA:HLA00921|HLA:HLA00921|DRB5*01:06|89|bp	HLA:HLA30670|HLA:HLA30670|DRB5*02:30|183|bp
HLA:HLA00921|HLA:HLA00921|DRB5*01:06|89|bp	HLA:HLA35002|HLA:HLA35002|DRB5*02:32|89|bp
HLA:HLA00921|HLA:HLA00921|DRB5*01:06|89|bp	HLA:HLA35148|HLA:HLA35148|DRB5*02:33|220|bp
HLA:HLA00921|HLA:HLA00921|DRB5*01:06|89|bp	HLA:HLA36090|HLA:HLA36090|DRB5*02:36|232|bp
HLA:HLA00921|HLA:HLA00921|DRB5*01:06|89|bp	HLA:HLA36498|HLA:HLA36498|DRB5*02:37|232|bp
HLA:HLA00921|HLA:HLA00921|DRB5*01:06|89|bp	HLA:HLA38065|HLA:HLA38065|DRB5*02:38|232|bp
HLA:HLA22441|HLA:HLA22441|DRB5*01:53N|129|bp	HLA:HLA22441|HLA:HLA22441|DRB5*01:53N|129|bp
HLA:HLA23034|HLA:HLA23034|DRB5*01:58N|95|bp	HLA:HLA23034|HLA:HLA23034|DRB5*01:58N|95|bp
HLA:HLA24333|HLA:HLA24333|DRB5*01:71N|82|bp	HLA:HLA24333|HLA:HLA24333|DRB5*01:71N|82|bp
HLA:HLA24333|HLA:HLA24333|DRB5*01:71N|82|bp	HLA:HLA34937|HLA:HLA34937|DRB5*01:121N|81|bp
HLA:HLA34035|HLA:HLA34035|DRB5*02:31|232|bp	HLA:HLA34035|HLA:HLA34035|DRB5*02:31|232|bp
HLA:HLA34035|HLA:HLA34035|DRB5*02:31|232|bp	HLA:HLA35698|HLA:HLA35698|DRB5*02:34|232|bp
HLA:HLA34035|HLA:HLA34035|DRB5*02:31|232|bp	HLA:HLA00927|HLA:HLA00927|DRB5*02:03|228|bp
HLA:HLA24143|HLA:HLA24143|DRB5*01:79Q|181|bp	HLA:HLA24143|HLA:HLA24143|DRB5*01:79Q|181|bp
HLA:HLA24143|HLA:HLA24143|DRB5*01:79Q|181|bp	DRB5|DRB5|DRB5|DRB5
HLA:HLA24143|HLA:HLA24143|DRB5*01:79Q|181|bp	HLA:HLA00915|HLA:HLA00915|DRB5*01:01:01:01|266|bp
HLA:HLA24143|HLA:HLA24143|DRB5*01:79Q|181|bp	HLA:HLA19221|HLA:HLA19221|DRB5*01:01:01:02|266|bp
HLA:HLA24143|HLA:HLA24143|DRB5*01:79Q|181|bp	HLA:HLA22931|HLA:HLA22931|DRB5*01:01:01:03|266|bp
HLA:HLA24143|HLA:HLA24143|DRB5*01:79Q|181|bp	HLA:HLA26632|HLA:HLA26632|DRB5*01:01:01:04|266|bp
HLA:HLA24143|HLA:HLA24143|DRB5*01:79Q|181|bp	HLA:HLA29244|HLA:HLA29244|DRB5*01:01:01:05|266|bp
HLA:HLA24143|HLA:HLA24143|DRB5*01:79Q|181|bp	HLA:HLA29245|HLA:HLA29245|DRB5*01:01:01:06|266|bp
HLA:HLA24143|HLA:HLA24143|DRB5*01:79Q|181|bp	HLA:HLA40213|HLA:HLA40213|DRB5*01:01:01:07|266|bp
HLA:HLA24143|HLA:HLA24143|DRB5*01:79Q|181|bp	HLA:HLA42225|HLA:HLA42225|DRB5*01:01:01:08|266|bp
HLA:HLA24143|HLA:HLA24143|DRB5*01:79Q|181|bp	HLA:HLA42219|HLA:HLA42219|DRB5*01:01:01:09|266|bp
HLA:HLA24143|HLA:HLA24143|DRB5*01:79Q|181|bp	HLA:HLA42322|HLA:HLA42322|DRB5*01:01:01:11|266|bp
HLA:HLA24143|HLA:HLA24143|DRB5*01:79Q|181|bp	HLA:HLA00916|HLA:HLA00916|DRB5*01:01:02|85|bp
HLA:HLA24143|HLA:HLA24143|DRB5*01:79Q|181|bp	HLA:HLA14577|HLA:HLA14577|DRB5*01:01:03|89|bp
HLA:HLA24143|HLA:HLA24143|DRB5*01:79Q|181|bp	HLA:HLA22652|HLA:HLA22652|DRB5*01:01:04|220|bp
HLA:HLA24143|HLA:HLA24143|DRB5*01:79Q|181|bp	HLA:HLA24150|HLA:HLA24150|DRB5*01:01:05|220|bp
HLA:HLA24143|HLA:HLA24143|DRB5*01:79Q|181|bp	HLA:HLA27511|HLA:HLA27511|DRB5*01:01:06|232|bp
HLA:HLA24143|HLA:HLA24143|DRB5*01:79Q|181|bp	HLA:HLA28553|HLA:HLA28553|DRB5*01:01:07|232|bp
HLA:HLA24143|HLA:HLA24143|DRB5*01:79Q|181|bp	HLA:HLA31398|HLA:HLA31398|DRB5*01:01:08|232|bp
HLA:HLA24143|HLA:HLA24143|DRB5*01:79Q|181|bp	HLA:HLA31342|HLA:HLA31342|DRB5*01:01:09|232|bp
HLA:HLA24143|HLA:HLA24143|DRB5*01:79Q|181|bp	HLA:HLA33374|HLA:HLA33374|DRB5*01:01:10|232|bp
HLA:HLA24143|HLA:HLA24143|DRB5*01:79Q|181|bp	HLA:HLA34056|HLA:HLA34056|DRB5*01:01:11|232|bp
HLA:HLA24143|HLA:HLA24143|DRB5*01:79Q|181|bp	HLA:HLA35042|HLA:HLA35042|DRB5*01:01:12|266|bp
HLA:HLA24143|HLA:HLA24143|DRB5*01:79Q|181|bp	HLA:HLA38126|HLA:HLA38126|DRB5*01:01:13|266|bp
HLA:HLA24143|HLA:HLA24143|DRB5*01:79Q|181|bp	HLA:HLA28547|HLA:HLA28547|DRB5*01:02:02|183|bp
HLA:HLA24143|HLA:HLA24143|DRB5*01:79Q|181|bp	HLA:HLA37617|HLA:HLA37617|DRB5*01:02:03|232|bp
HLA:HLA24143|HLA:HLA24143|DRB5*01:79Q|181|bp	HLA:HLA38092|HLA:HLA38092|DRB5*01:02:04|266|bp
HLA:HLA24143|HLA:HLA24143|DRB5*01:79Q|181|bp	HLA:HLA42182|HLA:HLA42182|DRB5*01:02:05|266|bp
HLA:HLA24143|HLA:HLA24143|DRB5*01:79Q|181|bp	HLA:HLA00919|HLA:HLA00919|DRB5*01:04|111|bp
HLA:HLA24143|HLA:HLA24143|DRB5*01:79Q|181|bp	HLA:HLA00920|HLA:HLA00920|DRB5*01:05|88|bp
HLA:HLA24143|HLA:HLA24143|DRB5*01:79Q|181|bp	HLA:HLA00923|HLA:HLA00923|DRB5*01:08:01N|203|bp
HLA:HLA24143|HLA:HLA24143|DRB5*01:79Q|181|bp	HLA:HLA23529|HLA:HLA23529|DRB5*01:08:02N|169|bp
HLA:HLA24143|HLA:HLA24143|DRB5*01:79Q|181|bp	HLA:HLA01634|HLA:HLA01634|DRB5*01:12|89|bp
HLA:HLA24143|HLA:HLA24143|DRB5*01:79Q|181|bp	HLA:HLA01871|HLA:HLA01871|DRB5*01:13|89|bp
HLA:HLA24143|HLA:HLA24143|DRB5*01:79Q|181|bp	HLA:HLA04132|HLA:HLA04132|DRB5*01:14|183|bp
HLA:HLA24143|HLA:HLA24143|DRB5*01:79Q|181|bp	HLA:HLA11771|HLA:HLA11771|DRB5*01:15|183|bp
HLA:HLA24143|HLA:HLA24143|DRB5*01:79Q|181|bp	HLA:HLA14113|HLA:HLA14113|DRB5*01:16|183|bp
HLA:HLA24143|HLA:HLA24143|DRB5*01:79Q|181|bp	HLA:HLA14576|HLA:HLA14576|DRB5*01:17|89|bp
HLA:HLA24143|HLA:HLA24143|DRB5*01:79Q|181|bp	HLA:HLA14666|HLA:HLA14666|DRB5*01:18|89|bp
HLA:HLA24143|HLA:HLA24143|DRB5*01:79Q|181|bp	HLA:HLA15020|HLA:HLA15020|DRB5*01:19|89|bp
HLA:HLA24143|HLA:HLA24143|DRB5*01:79Q|181|bp	HLA:HLA15021|HLA:HLA15021|DRB5*01:20|89|bp
HLA:HLA24143|HLA:HLA24143|DRB5*01:79Q|181|bp	HLA:HLA15024|HLA:HLA15024|DRB5*01:22:01|89|bp
HLA:HLA24143|HLA:HLA24143|DRB5*01:79Q|181|bp	HLA:HLA22552|HLA:HLA22552|DRB5*01:22:02|89|bp
HLA:HLA24143|HLA:HLA24143|DRB5*01:79Q|181|bp	HLA:HLA15434|HLA:HLA15434|DRB5*01:23|89|bp
HLA:HLA24143|HLA:HLA24143|DRB5*01:79Q|181|bp	HLA:HLA15435|HLA:HLA15435|DRB5*01:24|89|bp
HLA:HLA24143|HLA:HLA24143|DRB5*01:79Q|181|bp	HLA:HLA15437|HLA:HLA15437|DRB5*01:26|89|bp
HLA:HLA24143|HLA:HLA24143|DRB5*01:79Q|181|bp	HLA:HLA16592|HLA:HLA16592|DRB5*01:28|89|bp
HLA:HLA24143|HLA:HLA24143|DRB5*01:79Q|181|bp	HLA:HLA16593|HLA:HLA16593|DRB5*01:29|89|bp
HLA:HLA24143|HLA:HLA24143|DRB5*01:79Q|181|bp	HLA:HLA16970|HLA:HLA16970|DRB5*01:30|89|bp
HLA:HLA24143|HLA:HLA24143|DRB5*01:79Q|181|bp	HLA:HLA17083|HLA:HLA17083|DRB5*01:31|89|bp
HLA:HLA24143|HLA:HLA24143|DRB5*01:79Q|181|bp	HLA:HLA17542|HLA:HLA17542|DRB5*01:32|89|bp
HLA:HLA24143|HLA:HLA24143|DRB5*01:79Q|181|bp	HLA:HLA17543|HLA:HLA17543|DRB5*01:33|89|bp
HLA:HLA24143|HLA:HLA24143|DRB5*01:79Q|181|bp	HLA:HLA17544|HLA:HLA17544|DRB5*01:34|89|bp
HLA:HLA24143|HLA:HLA24143|DRB5*01:79Q|181|bp	HLA:HLA17545|HLA:HLA17545|DRB5*01:35|89|bp
HLA:HLA24143|HLA:HLA24143|DRB5*01:79Q|181|bp	HLA:HLA18633|HLA:HLA18633|DRB5*01:36|183|bp
HLA:HLA24143|HLA:HLA24143|DRB5*01:79Q|181|bp	HLA:HLA18795|HLA:HLA18795|DRB5*01:37|89|bp
HLA:HLA24143|HLA:HLA24143|DRB5*01:79Q|181|bp	HLA:HLA18796|HLA:HLA18796|DRB5*01:38|183|bp
HLA:HLA24143|HLA:HLA24143|DRB5*01:79Q|181|bp	HLA:HLA18797|HLA:HLA18797|DRB5*01:39|89|bp
HLA:HLA24143|HLA:HLA24143|DRB5*01:79Q|181|bp	HLA:HLA19456|HLA:HLA19456|DRB5*01:40|220|bp
HLA:HLA24143|HLA:HLA24143|DRB5*01:79Q|181|bp	HLA:HLA19854|HLA:HLA19854|DRB5*01:41|183|bp
HLA:HLA24143|HLA:HLA24143|DRB5*01:79Q|181|bp	HLA:HLA19887|HLA:HLA19887|DRB5*01:42|183|bp
HLA:HLA24143|HLA:HLA24143|DRB5*01:79Q|181|bp	HLA:HLA20781|HLA:HLA20781|DRB5*01:44|89|bp
HLA:HLA24143|HLA:HLA24143|DRB5*01:79Q|181|bp	HLA:HLA20919|HLA:HLA20919|DRB5*01:45|183|bp
HLA:HLA24143|HLA:HLA24143|DRB5*01:79Q|181|bp	HLA:HLA21083|HLA:HLA21083|DRB5*01:47|89|bp
HLA:HLA24143|HLA:HLA24143|DRB5*01:79Q|181|bp	HLA:HLA21511|HLA:HLA21511|DRB5*01:49N|151|bp
HLA:HLA24143|HLA:HLA24143|DRB5*01:79Q|181|bp	HLA:HLA21368|HLA:HLA21368|DRB5*01:50|89|bp
HLA:HLA24143|HLA:HLA24143|DRB5*01:79Q|181|bp	HLA:HLA21269|HLA:HLA21269|DRB5*01:51|89|bp
HLA:HLA24143|HLA:HLA24143|DRB5*01:79Q|181|bp	HLA:HLA22352|HLA:HLA22352|DRB5*01:54|183|bp
HLA:HLA24143|HLA:HLA24143|DRB5*01:79Q|181|bp	HLA:HLA23205|HLA:HLA23205|DRB5*01:56|183|bp
HLA:HLA24143|HLA:HLA24143|DRB5*01:79Q|181|bp	HLA:HLA23525|HLA:HLA23525|DRB5*01:57|89|bp
HLA:HLA24143|HLA:HLA24143|DRB5*01:79Q|181|bp	HLA:HLA23253|HLA:HLA23253|DRB5*01:59|89|bp
HLA:HLA24143|HLA:HLA24143|DRB5*01:79Q|181|bp	HLA:HLA23795|HLA:HLA23795|DRB5*01:60|89|bp
HLA:HLA24143|HLA:HLA24143|DRB5*01:79Q|181|bp	HLA:HLA23819|HLA:HLA23819|DRB5*01:61|89|bp
HLA:HLA24143|HLA:HLA24143|DRB5*01:79Q|181|bp	HLA:HLA23694|HLA:HLA23694|DRB5*01:62|89|bp
HLA:HLA24143|HLA:HLA24143|DRB5*01:79Q|181|bp	HLA:HLA23499|HLA:HLA23499|DRB5*01:63:01|89|bp
HLA:HLA24143|HLA:HLA24143|DRB5*01:79Q|181|bp	HLA:HLA23014|HLA:HLA23014|DRB5*01:63:02|183|bp
HLA:HLA24143|HLA:HLA24143|DRB5*01:79Q|181|bp	HLA:HLA23203|HLA:HLA23203|DRB5*01:64|183|bp
HLA:HLA24143|HLA:HLA24143|DRB5*01:79Q|181|bp	HLA:HLA23379|HLA:HLA23379|DRB5*01:65|183|bp
HLA:HLA24143|HLA:HLA24143|DRB5*01:79Q|181|bp	HLA:HLA23486|HLA:HLA23486|DRB5*01:66|183|bp
HLA:HLA24143|HLA:HLA24143|DRB5*01:79Q|181|bp	HLA:HLA23771|HLA:HLA23771|DRB5*01:70|183|bp
HLA:HLA24143|HLA:HLA24143|DRB5*01:79Q|181|bp	HLA:HLA24035|HLA:HLA24035|DRB5*01:72|89|bp
HLA:HLA24143|HLA:HLA24143|DRB5*01:79Q|181|bp	HLA:HLA24242|HLA:HLA24242|DRB5*01:73|89|bp
HLA:HLA24143|HLA:HLA24143|DRB5*01:79Q|181|bp	HLA:HLA24073|HLA:HLA24073|DRB5*01:74|89|bp
HLA:HLA24143|HLA:HLA24143|DRB5*01:79Q|181|bp	HLA:HLA24305|HLA:HLA24305|DRB5*01:75|89|bp
HLA:HLA24143|HLA:HLA24143|DRB5*01:79Q|181|bp	HLA:HLA24091|HLA:HLA24091|DRB5*01:76|89|bp
HLA:HLA24143|HLA:HLA24143|DRB5*01:79Q|181|bp	HLA:HLA24090|HLA:HLA24090|DRB5*01:77|89|bp
HLA:HLA24143|HLA:HLA24143|DRB5*01:79Q|181|bp	HLA:HLA24152|HLA:HLA24152|DRB5*01:78|89|bp
HLA:HLA24143|HLA:HLA24143|DRB5*01:79Q|181|bp	HLA:HLA24196|HLA:HLA24196|DRB5*01:80|183|bp
HLA:HLA24143|HLA:HLA24143|DRB5*01:79Q|181|bp	HLA:HLA23934|HLA:HLA23934|DRB5*01:82|183|bp
HLA:HLA24143|HLA:HLA24143|DRB5*01:79Q|181|bp	HLA:HLA27211|HLA:HLA27211|DRB5*01:84|232|bp
HLA:HLA24143|HLA:HLA24143|DRB5*01:79Q|181|bp	HLA:HLA26967|HLA:HLA26967|DRB5*01:85|228|bp
HLA:HLA24143|HLA:HLA24143|DRB5*01:79Q|181|bp	HLA:HLA27508|HLA:HLA27508|DRB5*01:86|183|bp
HLA:HLA24143|HLA:HLA24143|DRB5*01:79Q|181|bp	HLA:HLA27509|HLA:HLA27509|DRB5*01:87|232|bp
HLA:HLA24143|HLA:HLA24143|DRB5*01:79Q|181|bp	HLA:HLA27510|HLA:HLA27510|DRB5*01:88|183|bp
HLA:HLA24143|HLA:HLA24143|DRB5*01:79Q|181|bp	HLA:HLA27792|HLA:HLA27792|DRB5*01:89|232|bp
HLA:HLA24143|HLA:HLA24143|DRB5*01:79Q|181|bp	HLA:HLA28250|HLA:HLA28250|DRB5*01:90|183|bp
HLA:HLA24143|HLA:HLA24143|DRB5*01:79Q|181|bp	HLA:HLA28465|HLA:HLA28465|DRB5*01:91|228|bp
HLA:HLA24143|HLA:HLA24143|DRB5*01:79Q|181|bp	HLA:HLA28546|HLA:HLA28546|DRB5*01:93|183|bp
HLA:HLA24143|HLA:HLA24143|DRB5*01:79Q|181|bp	HLA:HLA28548|HLA:HLA28548|DRB5*01:94|183|bp
HLA:HLA24143|HLA:HLA24143|DRB5*01:79Q|181|bp	HLA:HLA28549|HLA:HLA28549|DRB5*01:95|183|bp
HLA:HLA24143|HLA:HLA24143|DRB5*01:79Q|181|bp	HLA:HLA28550|HLA:HLA28550|DRB5*01:96|183|bp
HLA:HLA24143|HLA:HLA24143|DRB5*01:79Q|181|bp	HLA:HLA28551|HLA:HLA28551|DRB5*01:97|183|bp
HLA:HLA24143|HLA:HLA24143|DRB5*01:79Q|181|bp	HLA:HLA28877|HLA:HLA28877|DRB5*01:98|89|bp
HLA:HLA24143|HLA:HLA24143|DRB5*01:79Q|181|bp	HLA:HLA29024|HLA:HLA29024|DRB5*01:99|220|bp
HLA:HLA24143|HLA:HLA24143|DRB5*01:79Q|181|bp	HLA:HLA29291|HLA:HLA29291|DRB5*01:102|220|bp
HLA:HLA24143|HLA:HLA24143|DRB5*01:79Q|181|bp	HLA:HLA29831|HLA:HLA29831|DRB5*01:103|183|bp
HLA:HLA24143|HLA:HLA24143|DRB5*01:79Q|181|bp	HLA:HLA29852|HLA:HLA29852|DRB5*01:104|232|bp
HLA:HLA24143|HLA:HLA24143|DRB5*01:79Q|181|bp	HLA:HLA29848|HLA:HLA29848|DRB5*01:105|183|bp
HLA:HLA24143|HLA:HLA24143|DRB5*01:79Q|181|bp	HLA:HLA29834|HLA:HLA29834|DRB5*01:106|183|bp
HLA:HLA24143|HLA:HLA24143|DRB5*01:79Q|181|bp	HLA:HLA29850|HLA:HLA29850|DRB5*01:107|183|bp
HLA:HLA24143|HLA:HLA24143|DRB5*01:79Q|181|bp	HLA:HLA30275|HLA:HLA30275|DRB5*01:108|183|bp
HLA:HLA24143|HLA:HLA24143|DRB5*01:79Q|181|bp	HLA:HLA30273|HLA:HLA30273|DRB5*01:109|232|bp
HLA:HLA24143|HLA:HLA24143|DRB5*01:79Q|181|bp	HLA:HLA30894|HLA:HLA30894|DRB5*01:110|232|bp
HLA:HLA24143|HLA:HLA24143|DRB5*01:79Q|181|bp	HLA:HLA31000|HLA:HLA31000|DRB5*01:111|232|bp
HLA:HLA24143|HLA:HLA24143|DRB5*01:79Q|181|bp	HLA:HLA30927|HLA:HLA30927|DRB5*01:112|232|bp
HLA:HLA24143|HLA:HLA24143|DRB5*01:79Q|181|bp	HLA:HLA31483|HLA:HLA31483|DRB5*01:113|89|bp
HLA:HLA24143|HLA:HLA24143|DRB5*01:79Q|181|bp	HLA:HLA31496|HLA:HLA31496|DRB5*01:114|232|bp
HLA:HLA24143|HLA:HLA24143|DRB5*01:79Q|181|bp	HLA:HLA33102|HLA:HLA33102|DRB5*01:115|232|bp
HLA:HLA24143|HLA:HLA24143|DRB5*01:79Q|181|bp	HLA:HLA33451|HLA:HLA33451|DRB5*01:116|232|bp
HLA:HLA24143|HLA:HLA24143|DRB5*01:79Q|181|bp	HLA:HLA33389|HLA:HLA33389|DRB5*01:117|220|bp
HLA:HLA24143|HLA:HLA24143|DRB5*01:79Q|181|bp	HLA:HLA34169|HLA:HLA34169|DRB5*01:118|232|bp
HLA:HLA24143|HLA:HLA24143|DRB5*01:79Q|181|bp	HLA:HLA34308|HLA:HLA34308|DRB5*01:119|266|bp
HLA:HLA24143|HLA:HLA24143|DRB5*01:79Q|181|bp	HLA:HLA35145|HLA:HLA35145|DRB5*01:122|232|bp
HLA:HLA24143|HLA:HLA24143|DRB5*01:79Q|181|bp	HLA:HLA35345|HLA:HLA35345|DRB5*01:123|232|bp
HLA:HLA24143|HLA:HLA24143|DRB5*01:79Q|181|bp	HLA:HLA34884|HLA:HLA34884|DRB5*01:124|232|bp
HLA:HLA24143|HLA:HLA24143|DRB5*01:79Q|181|bp	HLA:HLA34908|HLA:HLA34908|DRB5*01:126|266|bp
HLA:HLA24143|HLA:HLA24143|DRB5*01:79Q|181|bp	HLA:HLA35477|HLA:HLA35477|DRB5*01:127N|169|bp
HLA:HLA24143|HLA:HLA24143|DRB5*01:79Q|181|bp	HLA:HLA35695|HLA:HLA35695|DRB5*01:128|232|bp
HLA:HLA24143|HLA:HLA24143|DRB5*01:79Q|181|bp	HLA:HLA35793|HLA:HLA35793|DRB5*01:129|232|bp
HLA:HLA24143|HLA:HLA24143|DRB5*01:79Q|181|bp	HLA:HLA36684|HLA:HLA36684|DRB5*01:130|232|bp
HLA:HLA24143|HLA:HLA24143|DRB5*01:79Q|181|bp	HLA:HLA37085|HLA:HLA37085|DRB5*01:132|232|bp
HLA:HLA24143|HLA:HLA24143|DRB5*01:79Q|181|bp	HLA:HLA37400|HLA:HLA37400|DRB5*01:133|266|bp
HLA:HLA24143|HLA:HLA24143|DRB5*01:79Q|181|bp	HLA:HLA38003|HLA:HLA38003|DRB5*01:135|220|bp
HLA:HLA24143|HLA:HLA24143|DRB5*01:79Q|181|bp	HLA:HLA39055|HLA:HLA39055|DRB5*01:137|232|bp
HLA:HLA24143|HLA:HLA24143|DRB5*01:79Q|181|bp	HLA:HLA39236|HLA:HLA39236|DRB5*01:138|220|bp
HLA:HLA24143|HLA:HLA24143|DRB5*01:79Q|181|bp	HLA:HLA40719|HLA:HLA40719|DRB5*01:139|266|bp
HLA:HLA24143|HLA:HLA24143|DRB5*01:79Q|181|bp	HLA:HLA40720|HLA:HLA40720|DRB5*01:140|266|bp
HLA:HLA24143|HLA:HLA24143|DRB5*01:79Q|181|bp	HLA:HLA40721|HLA:HLA40721|DRB5*01:141|232|bp
HLA:HLA24143|HLA:HLA24143|DRB5*01:79Q|181|bp	HLA:HLA41394|HLA:HLA41394|DRB5*01:142|232|bp
HLA:HLA24143|HLA:HLA24143|DRB5*01:79Q|181|bp	HLA:HLA42350|HLA:HLA42350|DRB5*01:143|266|bp
HLA:HLA24326|HLA:HLA24326|DRB5*01:81N|82|bp	HLA:HLA24326|HLA:HLA24326|DRB5*01:81N|82|bp
HLA:HLA28552|HLA:HLA28552|DRB5*01:92N|73|bp	HLA:HLA28552|HLA:HLA28552|DRB5*01:92N|73|bp
HLA:HLA35312|HLA:HLA35312|DRB5*01:125N|81|bp	HLA:HLA35312|HLA:HLA35312|DRB5*01:125N|81|bp
HLA:HLA35312|HLA:HLA35312|DRB5*01:125N|81|bp	HLA:HLA23413|HLA:HLA23413|DRB5*01:67N|82|bp
HLA:HLA35312|HLA:HLA35312|DRB5*01:125N|81|bp	HLA:HLA34870|HLA:HLA34870|DRB5*01:120N|81|bp
HLA:HLA37109|HLA:HLA37109|DRB5*01:131N|176|bp	HLA:HLA37109|HLA:HLA37109|DRB5*01:131N|176|bp
HLA:HLA37574|HLA:HLA37574|DRB5*01:134N|78|bp	HLA:HLA37574|HLA:HLA37574|DRB5*01:134N|78|bp
HLA:HLA37574|HLA:HLA37574|DRB5*01:134N|78|bp	HLA:HLA00922|HLA:HLA00922|DRB5*01:07|81|bp
HLA:HLA37574|HLA:HLA37574|DRB5*01:134N|78|bp	HLA:HLA00924|HLA:HLA00924|DRB5*01:09|81|bp
HLA:HLA37574|HLA:HLA37574|DRB5*01:134N|78|bp	HLA:HLA16639|HLA:HLA16639|DRB5*01:27N|78|bp
HLA:HLA37574|HLA:HLA37574|DRB5*01:134N|78|bp	HLA:HLA01012|HLA:HLA01012|DRB5*01:10N|81|bp
HLA:HLA15440|HLA:HLA15440|DRB5*02:12|89|bp	HLA:HLA15440|HLA:HLA15440|DRB5*02:12|89|bp
HLA:HLA15440|HLA:HLA15440|DRB5*02:12|89|bp	HLA:HLA23336|HLA:HLA23336|DRB5*01:69|183|bp
HLA:HLA15440|HLA:HLA15440|DRB5*02:12|89|bp	HLA:HLA00918|HLA:HLA00918|DRB5*01:03|266|bp
HLA:HLA15440|HLA:HLA15440|DRB5*02:12|89|bp	HLA:HLA20988|HLA:HLA20988|DRB5*01:46|183|bp
HLA:HLA15440|HLA:HLA15440|DRB5*02:12|89|bp	HLA:HLA01280|HLA:HLA01280|DRB5*02:05|89|bp
HLA:HLA15440|HLA:HLA15440|DRB5*02:12|89|bp	HLA:HLA00928|HLA:HLA00928|DRB5*02:04|85|bp
HLA:HLA15440|HLA:HLA15440|DRB5*02:12|89|bp	HLA:HLA16003|HLA:HLA16003|DRB5*02:16|89|bp
HLA:HLA15440|HLA:HLA15440|DRB5*02:12|89|bp	HLA:HLA18070|HLA:HLA18070|DRB5*02:18|89|bp
HLA:HLA15440|HLA:HLA15440|DRB5*02:12|89|bp	HLA:HLA21461|HLA:HLA21461|DRB5*02:24|183|bp
HLA:HLA15440|HLA:HLA15440|DRB5*02:12|89|bp	HLA:HLA23493|HLA:HLA23493|DRB5*02:27|183|bp
HLA:HLA15440|HLA:HLA15440|DRB5*02:12|89|bp	HLA:HLA36159|HLA:HLA36159|DRB5*02:35|89|bp
HLA:HLA15440|HLA:HLA15440|DRB5*02:12|89|bp	HLA:HLA40077|HLA:HLA40077|DRB5*02:39|232|bp
HLA:HLA15440|HLA:HLA15440|DRB5*02:12|89|bp	HLA:HLA23474|HLA:HLA23474|DRB5*02:26N|169|bp
HLA:HLA15440|HLA:HLA15440|DRB5*02:12|89|bp	HLA:HLA00917|HLA:HLA00917|DRB5*01:02:01|266|bp
HLA:HLA15440|HLA:HLA15440|DRB5*02:12|89|bp	HLA:HLA15436|HLA:HLA15436|DRB5*01:25|89|bp
HLA:HLA15440|HLA:HLA15440|DRB5*02:12|89|bp	HLA:HLA15022|HLA:HLA15022|DRB5*02:08|89|bp
HLA:HLA18634|HLA:HLA18634|DRB5*02:19N|73|bp	HLA:HLA18634|HLA:HLA18634|DRB5*02:19N|73|bp
HLA:HLA23635|HLA:HLA23635|DRB5*02:25N|90|bp	HLA:HLA23635|HLA:HLA23635|DRB5*02:25N|90|bp
